Date,Time,Firm,Expiration,OptionTyp,StrikePx,StrikeSpd,BidPrice,AskPrice,Delta,ImpliedVolSpd,ImpliedVolBps,ImpliedVolPx,RefPx
11/29/21,08:23:33,XXX,15-Dec-21,P,110.5,266.8,2.65,2.8,-99.9,30.2,6.2,,108
11/29/21,08:23:33,XXX,15-Dec-21,C,110.5,266.8,,,-99.9,30.2,6.2,,108
11/29/21,08:23:33,XXX,15-Dec-21,P,110.0,277.1,2.153,2.303,-99.1,31.7,6.5,,108
11/29/21,08:23:33,XXX,15-Dec-21,C,110.0,277.1,,,-99.1,31.7,6.5,,108
11/29/21,08:23:33,XXX,15-Dec-21,P,109.5,287.5,1.672,1.822,-95.2,34.8,7.1,,108
11/29/21,08:23:33,XXX,15-Dec-21,C,109.5,287.5,,,-95.2,34.8,7.1,,108
11/29/21,08:23:33,XXX,15-Dec-21,P,109.0,297.9,1.238,1.388,-86.0,37.9,7.7,,108
11/29/21,08:23:33,XXX,15-Dec-21,C,109.0,297.9,0.013,0.163,-86.0,37.9,7.7,,108
11/29/21,08:23:33,XXX,15-Dec-21,P,108.5,308.5,0.895,1.045,-71.9,42.7,8.7,,108
11/29/21,08:23:33,XXX,15-Dec-21,C,108.5,308.5,0.171,0.321,-71.9,42.7,8.7,,108
11/29/21,08:23:33,XXX,15-Dec-21,P,108.0,319.1,0.647,0.797,-57.4,47.9,9.8,,108
11/29/21,08:23:33,XXX,15-Dec-21,C,108.0,319.1,0.423,0.573,-57.4,47.9,9.8,,108
11/29/21,08:23:33,XXX,15-Dec-21,P,107.0,340.5,0.356,0.506,-35.9,58.5,11.9,,108
11/29/21,08:23:33,XXX,15-Dec-21,C,107.0,340.5,1.131,1.281,-35.9,58.5,11.9,,108
11/29/21,08:23:33,XXX,15-Dec-21,P,106.0,362.3,0.205,0.355,-23.3,68.3,13.9,,108
11/29/21,08:23:33,XXX,15-Dec-21,C,106.0,362.3,1.981,2.131,-23.3,68.3,13.9,,108
11/29/21,08:23:33,XXX,15-Dec-21,P,105.0,384.3,0.115,0.265,-15.7,76.7,15.6,,108
11/29/21,08:23:33,XXX,15-Dec-21,C,105.0,384.3,2.89,3.04,-15.7,76.7,15.6,,108
11/29/21,08:23:33,XXX,15-Dec-21,P,104.0,406.8,0.055,0.205,-10.8,83.5,17.0,,108
11/29/21,08:23:33,XXX,15-Dec-21,C,104.0,406.8,3.83,3.98,-10.8,83.5,17.0,,108
11/29/21,08:23:33,XXX,15-Dec-21,P,103.0,429.5,0.014,0.164,-7.4,89.1,18.2,,108
11/29/21,08:23:33,XXX,15-Dec-21,C,103.0,429.5,4.789,4.939,-7.4,89.1,18.2,,108
11/29/21,08:23:33,XXX,15-Dec-21,P,102.0,452.6,,,-5.1,93.7,19.1,,108
11/29/21,08:23:33,XXX,15-Dec-21,C,102.0,452.6,5.76,5.91,-5.1,93.7,19.1,,108
11/29/21,08:23:33,XXX,15-Dec-21,P,101.0,476.1,,,-3.5,97.5,19.9,,108
11/29/21,08:23:33,XXX,15-Dec-21,C,101.0,476.1,6.74,6.89,-3.5,97.5,19.9,,108
11/29/21,08:23:33,XXX,15-Dec-21,P,100.0,500.0,,,-2.3,100.6,20.5,,108
11/29/21,08:23:33,XXX,15-Dec-21,C,100.0,500.0,7.727,7.877,-2.3,100.6,20.5,,108
11/29/21,08:23:33,XXX,19-Jan-22,P,110.5,262.9,3.144,3.294,-98.2,30.3,6.3,,108
11/29/21,08:23:33,XXX,19-Jan-22,C,110.5,262.9,,,-98.2,30.3,6.3,,108
11/29/21,08:23:33,XXX,19-Jan-22,P,110.0,273.4,2.672,2.822,-94.9,32.6,6.8,,108
11/29/21,08:23:33,XXX,19-Jan-22,C,110.0,273.4,,,-94.9,32.6,6.8,,108
11/29/21,08:23:33,XXX,19-Jan-22,P,109.5,283.9,2.241,2.391,-89.1,35.3,7.4,,108
11/29/21,08:23:33,XXX,19-Jan-22,C,109.5,283.9,0.034,0.184,-89.1,35.3,7.4,,108
11/29/21,08:23:33,XXX,19-Jan-22,P,109.0,294.6,1.864,2.014,-81.2,38.1,8.0,,108
11/29/21,08:23:33,XXX,19-Jan-22,C,109.0,294.6,0.157,0.307,-81.2,38.1,8.0,,108
11/29/21,08:23:33,XXX,19-Jan-22,P,108.5,305.3,1.55,1.7,-72.4,41.2,8.6,,108
11/29/21,08:23:33,XXX,19-Jan-22,C,108.5,305.3,0.342,0.492,-72.4,41.2,8.6,,108
11/29/21,08:23:33,XXX,19-Jan-22,P,108.0,316.1,1.296,1.446,-63.7,44.4,9.3,,108
11/29/21,08:23:33,XXX,19-Jan-22,C,108.0,316.1,0.589,0.739,-63.7,44.4,9.3,,108
11/29/21,08:23:33,XXX,19-Jan-22,P,107.0,337.9,0.933,1.083,-48.8,50.9,10.6,,108
11/29/21,08:23:33,XXX,19-Jan-22,C,107.0,337.9,1.226,1.376,-48.8,50.9,10.6,,108
11/29/21,08:23:33,XXX,19-Jan-22,P,106.0,360.0,0.699,0.849,-37.8,57.1,11.9,,108
11/29/21,08:23:33,XXX,19-Jan-22,C,106.0,360.0,1.992,2.142,-37.8,57.1,11.9,,108
11/29/21,08:23:33,XXX,19-Jan-22,P,105.0,382.4,0.538,0.688,-29.9,62.9,13.1,,108
11/29/21,08:23:33,XXX,19-Jan-22,C,105.0,382.4,2.831,2.981,-29.9,62.9,13.1,,108
11/29/21,08:23:33,XXX,19-Jan-22,P,104.0,405.2,0.42,0.57,-24.0,68.0,14.2,,108
11/29/21,08:23:33,XXX,19-Jan-22,C,104.0,405.2,3.712,3.862,-24.0,68.0,14.2,,108
11/29/21,08:23:33,XXX,19-Jan-22,P,103.0,428.4,0.329,0.479,-19.5,72.5,15.1,,108
11/29/21,08:23:33,XXX,19-Jan-22,C,103.0,428.4,4.621,4.771,-19.5,72.5,15.1,,108
11/29/21,08:23:33,XXX,19-Jan-22,P,102.0,451.9,0.256,0.406,-16.0,76.4,16.0,,108
11/29/21,08:23:33,XXX,19-Jan-22,C,102.0,451.9,5.548,5.698,-16.0,76.4,16.0,,108
11/29/21,08:23:33,XXX,19-Jan-22,P,101.0,475.7,0.197,0.347,-13.2,79.9,16.7,,108
11/29/21,08:23:33,XXX,19-Jan-22,C,101.0,475.7,6.489,6.639,-13.2,79.9,16.7,,108
11/29/21,08:23:33,XXX,19-Jan-22,P,100.0,500.0,0.149,0.299,-10.9,82.9,17.3,,108
11/29/21,08:23:33,XXX,19-Jan-22,C,100.0,500.0,7.441,7.591,-10.9,82.9,17.3,,108
11/29/21,08:23:33,XXX,16-Feb-22,P,110.5,259.7,3.545,3.695,-97.3,30.6,6.5,,108
11/29/21,08:23:33,XXX,16-Feb-22,C,110.5,259.7,,,-97.3,30.6,6.5,,108
11/29/21,08:23:33,XXX,16-Feb-22,P,110.0,270.3,3.087,3.237,-93.7,32.9,7.0,,108
11/29/21,08:23:33,XXX,16-Feb-22,C,110.0,270.3,,,-93.7,32.9,7.0,,108
11/29/21,08:23:33,XXX,16-Feb-22,P,109.5,281.0,2.669,2.819,-88.4,35.4,7.5,,108
11/29/21,08:23:33,XXX,16-Feb-22,C,109.5,281.0,0.072,0.222,-88.4,35.4,7.5,,108
11/29/21,08:23:33,XXX,16-Feb-22,P,109.0,291.8,2.301,2.451,-81.8,38.0,8.1,,108
11/29/21,08:23:33,XXX,16-Feb-22,C,109.0,291.8,0.204,0.354,-81.8,38.0,8.1,,108
11/29/21,08:23:33,XXX,16-Feb-22,P,108.5,302.6,1.984,2.134,-74.6,40.5,8.6,,108
11/29/21,08:23:33,XXX,16-Feb-22,C,108.5,302.6,0.387,0.537,-74.6,40.5,8.6,,108
11/29/21,08:23:33,XXX,16-Feb-22,P,108.0,313.5,1.719,1.869,-67.4,43.2,9.2,,108
11/29/21,08:23:33,XXX,16-Feb-22,C,108.0,313.5,0.622,0.772,-67.4,43.2,9.2,,108
11/29/21,08:23:33,XXX,16-Feb-22,P,107.0,335.6,1.316,1.466,-54.4,48.5,10.3,,108
11/29/21,08:23:33,XXX,16-Feb-22,C,107.0,335.6,1.219,1.369,-54.4,48.5,10.3,,108
11/29/21,08:23:33,XXX,16-Feb-22,P,106.0,358.1,1.038,1.188,-44.2,53.7,11.4,,108
11/29/21,08:23:33,XXX,16-Feb-22,C,106.0,358.1,1.941,2.091,-44.2,53.7,11.4,,108
11/29/21,08:23:33,XXX,16-Feb-22,P,105.0,380.8,0.838,0.988,-36.4,58.6,12.5,,108
11/29/21,08:23:33,XXX,16-Feb-22,C,105.0,380.8,2.741,2.891,-36.4,58.6,12.5,,108
11/29/21,08:23:33,XXX,16-Feb-22,P,104.0,403.9,0.687,0.837,-30.4,63.0,13.4,,108
11/29/21,08:23:33,XXX,16-Feb-22,C,104.0,403.9,3.59,3.74,-30.4,63.0,13.4,,108
11/29/21,08:23:33,XXX,16-Feb-22,P,103.0,427.4,0.569,0.719,-25.6,66.9,14.2,,108
11/29/21,08:23:33,XXX,16-Feb-22,C,103.0,427.4,4.471,4.621,-25.6,66.9,14.2,,108
11/29/21,08:23:33,XXX,16-Feb-22,P,102.0,451.2,0.472,0.622,-21.7,70.5,15.0,,108
11/29/21,08:23:33,XXX,16-Feb-22,C,102.0,451.2,5.374,5.524,-21.7,70.5,15.0,,108
11/29/21,08:23:33,XXX,16-Feb-22,P,101.0,475.4,0.392,0.542,-18.5,73.6,15.7,,108
11/29/21,08:23:33,XXX,16-Feb-22,C,101.0,475.4,6.294,6.444,-18.5,73.6,15.7,,108
11/29/21,08:23:33,XXX,16-Feb-22,P,100.0,500.0,0.324,0.474,-15.9,76.4,16.3,,108
11/29/21,08:23:33,XXX,16-Feb-22,C,100.0,500.0,7.226,7.376,-15.9,76.4,16.3,,108
11/29/21,08:23:33,XXX,16-Mar-22,P,110.5,256.3,3.915,4.115,-97.1,30.3,6.6,,108
11/29/21,08:23:33,XXX,16-Mar-22,C,110.5,256.3,,,-97.1,30.3,6.6,,108
11/29/21,08:23:33,XXX,16-Mar-22,P,110.0,267.1,3.462,3.662,-93.7,32.6,7.1,,108
11/29/21,08:23:33,XXX,16-Mar-22,C,110.0,267.1,,,-93.7,32.6,7.1,,108
11/29/21,08:23:33,XXX,16-Mar-22,P,109.5,277.9,3.046,3.246,-89.0,35.0,7.6,,108
11/29/21,08:23:33,XXX,16-Mar-22,C,109.5,277.9,0.059,0.259,-89.0,35.0,7.6,,108
11/29/21,08:23:33,XXX,16-Mar-22,P,109.0,288.8,2.676,2.876,-83.2,37.4,8.1,,108
11/29/21,08:23:33,XXX,16-Mar-22,C,109.0,288.8,0.189,0.389,-83.2,37.4,8.1,,108
11/29/21,08:23:33,XXX,16-Mar-22,P,108.5,299.9,2.353,2.553,-76.9,39.8,8.6,,108
11/29/21,08:23:33,XXX,16-Mar-22,C,108.5,299.9,0.366,0.566,-76.9,39.8,8.6,,108
11/29/21,08:23:33,XXX,16-Mar-22,P,108.0,310.9,2.076,2.276,-70.5,42.1,9.1,,108
11/29/21,08:23:33,XXX,16-Mar-22,C,108.0,310.9,0.589,0.789,-70.5,42.1,9.1,,108
11/29/21,08:23:33,XXX,16-Mar-22,P,107.0,333.3,1.64,1.84,-58.8,46.9,10.2,,108
11/29/21,08:23:33,XXX,16-Mar-22,C,107.0,333.3,1.153,1.353,-58.8,46.9,10.2,,108
11/29/21,08:23:33,XXX,16-Mar-22,P,106.0,356.1,1.325,1.525,-49.1,51.4,11.2,,108
11/29/21,08:23:33,XXX,16-Mar-22,C,106.0,356.1,1.837,2.037,-49.1,51.4,11.2,,108
11/29/21,08:23:33,XXX,16-Mar-22,P,105.0,379.1,1.093,1.293,-41.4,55.7,12.1,,108
11/29/21,08:23:33,XXX,16-Mar-22,C,105.0,379.1,2.605,2.805,-41.4,55.7,12.1,,108
11/29/21,08:23:33,XXX,16-Mar-22,P,104.0,402.6,0.914,1.114,-35.2,59.7,13.0,,108
11/29/21,08:23:33,XXX,16-Mar-22,C,104.0,402.6,3.426,3.626,-35.2,59.7,13.0,,108
11/29/21,08:23:33,XXX,16-Mar-22,P,103.0,426.3,0.772,0.972,-30.3,63.3,13.7,,108
11/29/21,08:23:33,XXX,16-Mar-22,C,103.0,426.3,4.284,4.484,-30.3,63.3,13.7,,108
11/29/21,08:23:33,XXX,16-Mar-22,P,102.0,450.5,0.655,0.855,-26.2,66.6,14.4,,108
11/29/21,08:23:33,XXX,16-Mar-22,C,102.0,450.5,5.166,5.366,-26.2,66.6,14.4,,108
11/29/21,08:23:33,XXX,16-Mar-22,P,101.0,475.0,0.556,0.756,-22.8,69.5,15.1,,108
11/29/21,08:23:33,XXX,16-Mar-22,C,101.0,475.0,6.068,6.268,-22.8,69.5,15.1,,108
11/29/21,08:23:33,XXX,16-Mar-22,P,100.0,500.0,0.472,0.672,-19.9,72.1,15.6,,108
11/29/21,08:23:33,XXX,16-Mar-22,C,100.0,500.0,6.984,7.184,-19.9,72.1,15.6,,108
11/29/21,08:23:33,XXX,20-Apr-22,P,110.5,252.0,4.369,4.619,-97.0,30.3,6.7,,108
11/29/21,08:23:33,XXX,20-Apr-22,C,110.5,252.0,,,-97.0,30.3,6.7,,108
11/29/21,08:23:33,XXX,20-Apr-22,P,110.0,262.9,3.917,4.167,-94.0,32.5,7.2,,108
11/29/21,08:23:33,XXX,20-Apr-22,C,110.0,262.9,,,-94.0,32.5,7.2,,108
11/29/21,08:23:33,XXX,20-Apr-22,P,109.5,274.0,3.5,3.75,-89.8,34.7,7.7,,108
11/29/21,08:23:33,XXX,20-Apr-22,C,109.5,274.0,0.038,0.288,-89.8,34.7,7.7,,108
11/29/21,08:23:33,XXX,20-Apr-22,P,109.0,285.1,3.124,3.374,-84.8,37.0,8.2,,108
11/29/21,08:23:33,XXX,20-Apr-22,C,109.0,285.1,0.163,0.413,-84.8,37.0,8.2,,108
11/29/21,08:23:33,XXX,20-Apr-22,P,108.5,296.3,2.793,3.043,-79.3,39.2,8.7,,108
11/29/21,08:23:33,XXX,20-Apr-22,C,108.5,296.3,0.331,0.581,-79.3,39.2,8.7,,108
11/29/21,08:23:33,XXX,20-Apr-22,P,108.0,307.6,2.503,2.753,-73.7,41.4,9.2,,108
11/29/21,08:23:33,XXX,20-Apr-22,C,108.0,307.6,0.54,0.79,-73.7,41.4,9.2,,108
11/29/21,08:23:33,XXX,20-Apr-22,P,107.0,330.4,2.034,2.284,-63.1,45.7,10.2,,108
11/29/21,08:23:33,XXX,20-Apr-22,C,107.0,330.4,1.071,1.321,-63.1,45.7,10.2,,108
11/29/21,08:23:33,XXX,20-Apr-22,P,106.0,353.5,1.681,1.931,-54.0,49.8,11.1,,108
11/29/21,08:23:33,XXX,20-Apr-22,C,106.0,353.5,1.718,1.968,-54.0,49.8,11.1,,108
11/29/21,08:23:33,XXX,20-Apr-22,P,105.0,377.0,1.412,1.662,-46.5,53.7,11.9,,108
11/29/21,08:23:33,XXX,20-Apr-22,C,105.0,377.0,2.449,2.699,-46.5,53.7,11.9,,108
11/29/21,08:23:33,XXX,20-Apr-22,P,104.0,400.8,1.203,1.453,-40.3,57.3,12.7,,108
11/29/21,08:23:33,XXX,20-Apr-22,C,104.0,400.8,3.24,3.49,-40.3,57.3,12.7,,108
11/29/21,08:23:33,XXX,20-Apr-22,P,103.0,425.0,1.034,1.284,-35.2,60.6,13.5,,108
11/29/21,08:23:33,XXX,20-Apr-22,C,103.0,425.0,4.071,4.321,-35.2,60.6,13.5,,108
11/29/21,08:23:33,XXX,20-Apr-22,P,102.0,449.6,0.894,1.144,-31.0,63.6,14.1,,108
11/29/21,08:23:33,XXX,20-Apr-22,C,102.0,449.6,4.931,5.181,-31.0,63.6,14.1,,108
11/29/21,08:23:33,XXX,20-Apr-22,P,101.0,474.6,0.776,1.026,-27.4,66.4,14.7,,108
11/29/21,08:23:33,XXX,20-Apr-22,C,101.0,474.6,5.812,6.062,-27.4,66.4,14.7,,108
11/29/21,08:23:33,XXX,20-Apr-22,P,100.0,499.9,0.674,0.924,-24.4,68.8,15.3,,108
11/29/21,08:23:33,XXX,20-Apr-22,C,100.0,499.9,6.71,6.96,-24.4,68.8,15.3,,108
11/29/21,08:23:33,XXX,18-May-22,P,110.5,248.4,4.738,5.038,-96.9,31.2,7.1,,108
11/29/21,08:23:33,XXX,18-May-22,C,110.5,248.4,,,-96.9,31.2,7.1,,108
11/29/21,08:23:33,XXX,18-May-22,P,110.0,259.5,4.289,4.589,-94.1,33.3,7.5,,108
11/29/21,08:23:33,XXX,18-May-22,C,110.0,259.5,,,-94.1,33.3,7.5,,108
11/29/21,08:23:33,XXX,18-May-22,P,109.5,270.7,3.872,4.172,-90.3,35.4,8.0,,108
11/29/21,08:23:33,XXX,18-May-22,C,109.5,270.7,0.022,0.322,-90.3,35.4,8.0,,108
11/29/21,08:23:33,XXX,18-May-22,P,109.0,282.0,3.495,3.795,-85.7,37.6,8.5,,108
11/29/21,08:23:33,XXX,18-May-22,C,109.0,282.0,0.144,0.444,-85.7,37.6,8.5,,108
11/29/21,08:23:33,XXX,18-May-22,P,108.5,293.4,3.158,3.458,-80.8,39.7,9.0,,108
11/29/21,08:23:33,XXX,18-May-22,C,108.5,293.4,0.307,0.607,-80.8,39.7,9.0,,108
11/29/21,08:23:33,XXX,18-May-22,P,108.0,304.8,2.861,3.161,-75.7,41.9,9.5,,108
11/29/21,08:23:33,XXX,18-May-22,C,108.0,304.8,0.51,0.81,-75.7,41.9,9.5,,108
11/29/21,08:23:33,XXX,18-May-22,P,107.0,327.9,2.372,2.672,-66.0,46.0,10.4,,108
11/29/21,08:23:33,XXX,18-May-22,C,107.0,327.9,1.021,1.321,-66.0,46.0,10.4,,108
11/29/21,08:23:33,XXX,18-May-22,P,106.0,351.4,1.996,2.296,-57.5,49.9,11.3,,108
11/29/21,08:23:33,XXX,18-May-22,C,106.0,351.4,1.644,1.944,-57.5,49.9,11.3,,108
11/29/21,08:23:33,XXX,18-May-22,P,105.0,375.2,1.701,2.001,-50.2,53.5,12.1,,108
11/29/21,08:23:33,XXX,18-May-22,C,105.0,375.2,2.349,2.649,-50.2,53.5,12.1,,108
11/29/21,08:23:33,XXX,18-May-22,P,104.0,399.4,1.468,1.768,-44.2,56.9,12.9,,108
11/29/21,08:23:33,XXX,18-May-22,C,104.0,399.4,3.115,3.415,-44.2,56.9,12.9,,108
11/29/21,08:23:33,XXX,18-May-22,P,103.0,423.9,1.277,1.577,-39.1,60.1,13.6,,108
11/29/21,08:23:33,XXX,18-May-22,C,103.0,423.9,3.924,4.224,-39.1,60.1,13.6,,108
11/29/21,08:23:33,XXX,18-May-22,P,102.0,448.9,1.117,1.417,-34.8,62.9,14.3,,108
11/29/21,08:23:33,XXX,18-May-22,C,102.0,448.9,4.764,5.064,-34.8,62.9,14.3,,108
11/29/21,08:23:33,XXX,18-May-22,P,101.0,474.2,0.981,1.281,-31.1,65.5,14.8,,108
11/29/21,08:23:33,XXX,18-May-22,C,101.0,474.2,5.627,5.927,-31.1,65.5,14.8,,108
11/29/21,08:23:33,XXX,18-May-22,P,100.0,499.9,0.862,1.162,-27.9,67.9,15.4,,108
11/29/21,08:23:33,XXX,18-May-22,C,100.0,499.9,6.508,6.808,-27.9,67.9,15.4,,108
11/29/21,08:23:33,XXX,15-Jun-22,P,110.5,244.7,5.108,5.458,-96.8,32.2,7.4,,108
11/29/21,08:23:33,XXX,15-Jun-22,C,110.5,244.7,,,-96.8,32.2,7.4,,108
11/29/21,08:23:33,XXX,15-Jun-22,P,110.0,256.0,4.66,5.01,-94.2,34.2,7.9,,108
11/29/21,08:23:33,XXX,15-Jun-22,C,110.0,256.0,,,-94.2,34.2,7.9,,108
11/29/21,08:23:33,XXX,15-Jun-22,P,109.5,267.3,4.243,4.593,-90.7,36.3,8.4,,108
11/29/21,08:23:33,XXX,15-Jun-22,C,109.5,267.3,0.003,0.353,-90.7,36.3,8.4,,108
11/29/21,08:23:33,XXX,15-Jun-22,P,109.0,278.8,3.863,4.213,-86.6,38.4,8.9,,108
11/29/21,08:23:33,XXX,15-Jun-22,C,109.0,278.8,0.122,0.472,-86.6,38.4,8.9,,108
11/29/21,08:23:33,XXX,15-Jun-22,P,108.5,290.3,3.52,3.87,-82.2,40.4,9.3,,108
11/29/21,08:23:33,XXX,15-Jun-22,C,108.5,290.3,0.28,0.63,-82.2,40.4,9.3,,108
11/29/21,08:23:33,XXX,15-Jun-22,P,108.0,301.9,3.215,3.565,-77.6,42.4,9.8,,108
11/29/21,08:23:33,XXX,15-Jun-22,C,108.0,301.9,0.475,0.825,-77.6,42.4,9.8,,108
11/29/21,08:23:33,XXX,15-Jun-22,P,107.0,325.4,2.707,3.057,-68.6,46.4,10.7,,108
11/29/21,08:23:33,XXX,15-Jun-22,C,107.0,325.4,0.966,1.316,-68.6,46.4,10.7,,108
11/29/21,08:23:33,XXX,15-Jun-22,P,106.0,349.2,2.309,2.659,-60.5,50.1,11.6,,108
11/29/21,08:23:33,XXX,15-Jun-22,C,106.0,349.2,1.567,1.917,-60.5,50.1,11.6,,108
11/29/21,08:23:33,XXX,15-Jun-22,P,105.0,373.4,1.992,2.342,-53.5,53.6,12.4,,108
11/29/21,08:23:33,XXX,15-Jun-22,C,105.0,373.4,2.25,2.6,-53.5,53.6,12.4,,108
11/29/21,08:23:33,XXX,15-Jun-22,P,104.0,397.9,1.736,2.086,-47.6,56.8,13.1,,108
11/29/21,08:23:33,XXX,15-Jun-22,C,104.0,397.9,2.993,3.343,-47.6,56.8,13.1,,108
11/29/21,08:23:33,XXX,15-Jun-22,P,103.0,422.8,1.525,1.875,-42.5,59.8,13.8,,108
11/29/21,08:23:33,XXX,15-Jun-22,C,103.0,422.8,3.782,4.132,-42.5,59.8,13.8,,108
11/29/21,08:23:33,XXX,15-Jun-22,P,102.0,448.1,1.347,1.697,-38.2,62.6,14.5,,108
11/29/21,08:23:33,XXX,15-Jun-22,C,102.0,448.1,4.604,4.954,-38.2,62.6,14.5,,108
11/29/21,08:23:33,XXX,15-Jun-22,P,101.0,473.8,1.194,1.544,-34.4,65.0,15.0,,108
11/29/21,08:23:33,XXX,15-Jun-22,C,101.0,473.8,5.45,5.8,-34.4,65.0,15.0,,108
11/29/21,08:23:33,XXX,15-Jun-22,P,100.0,499.9,1.06,1.41,-31.2,67.3,15.6,,108
11/29/21,08:23:33,XXX,15-Jun-22,C,100.0,499.9,6.315,6.665,-31.2,67.3,15.6,,108
11/29/21,09:07:44,YYY,15-Dec-21,P,109.5,287.0,1.555,1.705,95.0,32.0,6.05,,108.125
11/29/21,09:07:44,YYY,15-Dec-21,C,109.5,287.0,0.0,0.096,5.0,32.0,6.05,,108.125
11/29/21,09:07:44,YYY,15-Dec-21,P,109.0,297.0,1.137,1.287,84.0,37.0,7.09,,108.125
11/29/21,09:07:44,YYY,15-Dec-21,C,109.0,297.0,0.027999999,0.17799999,16.0,37.0,7.09,,108.125
11/29/21,09:07:44,YYY,15-Dec-21,P,108.5,308.0,0.809,0.959,69.0,41.0,8.01,,108.125
11/29/21,09:07:44,YYY,15-Dec-21,C,108.5,308.0,0.2,0.35,31.0,41.0,8.01,,108.125
11/29/21,09:07:44,YYY,15-Dec-21,P,108.0,318.0,0.565,0.715,54.0,46.0,8.82,,108.125
11/29/21,09:07:44,YYY,15-Dec-21,C,108.0,318.0,0.45599997,0.606,46.0,46.0,8.82,,108.125
11/29/21,09:07:44,YYY,15-Dec-21,P,107.5,329.0,0.38900003,0.53900003,42.0,49.0,9.54,,108.125
11/29/21,09:07:44,YYY,15-Dec-21,C,107.5,329.0,0.78,0.93,58.0,49.0,9.54,,108.125
11/29/21,09:07:44,YYY,15-Dec-21,P,107.0,340.0,0.262,0.412,32.0,53.0,10.18,,108.125
11/29/21,09:07:44,YYY,15-Dec-21,C,107.0,340.0,1.153,1.303,68.0,53.0,10.18,,108.125
11/29/21,09:07:44,YYY,15-Dec-21,P,106.5,351.0,0.172,0.322,24.0,56.0,10.77,,108.125
11/29/21,09:07:44,YYY,15-Dec-21,C,106.5,351.0,1.5630001,1.713,76.0,56.0,10.77,,108.125
11/29/21,09:07:44,YYY,15-Dec-21,P,106.0,362.0,0.107,0.257,18.0,59.0,11.31,,108.125
11/29/21,09:07:44,YYY,15-Dec-21,C,106.0,362.0,1.998,2.148,82.0,59.0,11.31,,108.125
11/29/21,09:07:44,YYY,15-Dec-21,P,105.5,373.0,0.06,0.21,14.0,62.0,11.8,,108.125
11/29/21,09:07:44,YYY,15-Dec-21,C,105.5,373.0,2.451,2.601,86.0,62.0,11.8,,108.125
11/29/21,09:07:44,YYY,15-Dec-21,P,105.0,384.0,0.025999999,0.176,11.0,64.0,12.26,,108.125
11/29/21,09:07:44,YYY,15-Dec-21,C,105.0,384.0,2.9160001,3.066,89.0,64.0,12.26,,108.125
11/29/21,09:07:44,YYY,19-Jan-22,P,110.0,273.0,2.554,2.704,95.0,30.0,5.79,,108.125
11/29/21,09:07:44,YYY,19-Jan-22,C,110.0,273.0,0.0,0.11,5.0,30.0,5.79,,108.125
11/29/21,09:07:44,YYY,19-Jan-22,P,109.5,283.0,2.139,2.289,88.0,34.0,6.7,,108.125
11/29/21,09:07:44,YYY,19-Jan-22,C,109.5,283.0,0.045,0.195,12.0,34.0,6.7,,108.125
11/29/21,09:07:44,YYY,19-Jan-22,P,109.0,294.0,1.786,1.9360001,79.0,38.0,7.47,,108.125
11/29/21,09:07:44,YYY,19-Jan-22,C,109.0,294.0,0.192,0.342,21.0,38.0,7.47,,108.125
11/29/21,09:07:44,YYY,19-Jan-22,P,108.5,305.0,1.492,1.642,70.0,41.0,8.15,,108.125
11/29/21,09:07:44,YYY,19-Jan-22,C,108.5,305.0,0.398,0.548,30.0,41.0,8.15,,108.125
11/29/21,09:07:44,YYY,19-Jan-22,P,108.0,315.0,1.2490001,1.3989999,62.0,44.0,8.75,,108.125
11/29/21,09:07:44,YYY,19-Jan-22,C,108.0,315.0,0.655,0.805,38.0,44.0,8.75,,108.125
11/29/21,09:07:44,YYY,19-Jan-22,P,107.5,326.0,1.048,1.1980001,54.0,47.0,9.31,,108.125
11/29/21,09:07:44,YYY,19-Jan-22,C,107.5,326.0,0.954,1.104,46.0,47.0,9.31,,108.125
11/29/21,09:07:44,YYY,19-Jan-22,P,107.0,337.0,0.88199997,1.032,47.0,50.0,9.82,,108.125
11/29/21,09:07:44,YYY,19-Jan-22,C,107.0,337.0,1.288,1.4380001,53.0,50.0,9.82,,108.125
11/29/21,09:07:44,YYY,19-Jan-22,P,106.5,348.0,0.744,0.894,41.0,52.0,10.3,,108.125
11/29/21,09:07:44,YYY,19-Jan-22,C,106.5,348.0,1.65,1.8,59.0,52.0,10.3,,108.125
11/29/21,09:07:44,YYY,19-Jan-22,P,106.0,359.0,0.629,0.77900004,36.0,54.0,10.74,,108.125
11/29/21,09:07:44,YYY,19-Jan-22,C,106.0,359.0,2.035,2.185,64.0,54.0,10.74,,108.125
11/29/21,09:07:44,YYY,19-Jan-22,P,105.5,371.0,0.533,0.683,32.0,56.0,11.16,,108.125
11/29/21,09:07:44,YYY,19-Jan-22,C,105.5,371.0,2.439,2.589,68.0,56.0,11.16,,108.125
11/29/21,09:07:44,YYY,19-Jan-22,P,105.0,382.0,0.45200002,0.602,28.0,58.0,11.55,,108.125
11/29/21,09:07:44,YYY,19-Jan-22,C,105.0,382.0,2.857,3.0070002,72.0,58.0,11.55,,108.125
11/29/21,09:07:44,YYY,19-Jan-22,P,104.5,393.0,0.383,0.533,24.0,60.0,11.92,,108.125
11/29/21,09:07:44,YYY,19-Jan-22,C,104.5,393.0,3.289,3.439,76.0,60.0,11.92,,108.125
11/29/21,09:07:44,YYY,19-Jan-22,P,104.0,405.0,0.325,0.475,21.0,62.0,12.28,,108.125
11/29/21,09:07:44,YYY,19-Jan-22,C,104.0,405.0,3.73,3.88,79.0,62.0,12.28,,108.125
11/29/21,09:07:44,YYY,19-Jan-22,P,103.5,416.0,0.275,0.425,19.0,64.0,12.61,,108.125
11/29/21,09:07:44,YYY,19-Jan-22,C,103.5,416.0,4.181,4.331,81.0,64.0,12.61,,108.125
11/29/21,09:07:44,YYY,19-Jan-22,P,103.0,428.0,0.23200001,0.382,17.0,65.0,12.94,,108.125
11/29/21,09:07:44,YYY,19-Jan-22,C,103.0,428.0,4.638,4.788,83.0,65.0,12.94,,108.125
11/29/21,09:07:44,YYY,19-Jan-22,P,102.5,440.0,0.19600001,0.346,15.0,67.0,13.24,,108.125
11/29/21,09:07:44,YYY,19-Jan-22,C,102.5,440.0,5.101,5.251,85.0,67.0,13.24,,108.125
11/29/21,09:07:44,YYY,19-Jan-22,P,102.0,452.0,0.16399999,0.314,13.0,68.0,13.54,,108.125
11/29/21,09:07:44,YYY,19-Jan-22,C,102.0,452.0,5.57,5.72,87.0,68.0,13.54,,108.125
11/29/21,09:07:44,YYY,19-Jan-22,P,101.5,464.0,0.137,0.287,12.0,70.0,13.83,,108.125
11/29/21,09:07:44,YYY,19-Jan-22,C,101.5,464.0,6.0420003,6.192,88.0,70.0,13.83,,108.125
11/29/21,09:07:44,YYY,19-Jan-22,P,101.0,476.0,0.113000005,0.26299998,10.0,71.0,14.1,,108.125
11/29/21,09:07:44,YYY,19-Jan-22,C,101.0,476.0,6.519,6.669,90.0,71.0,14.1,,108.125
11/29/21,09:07:44,YYY,19-Jan-22,P,100.0,500.0,0.074,0.22399999,8.0,74.0,14.62,,108.125
11/29/21,09:07:44,YYY,19-Jan-22,C,100.0,500.0,7.48,7.63,92.0,74.0,14.62,,108.125
11/29/21,09:07:44,YYY,19-Jan-22,P,99.0,525.0,0.045,0.195,7.0,76.0,15.12,,108.125
11/29/21,09:07:44,YYY,19-Jan-22,C,99.0,525.0,8.45,8.6,93.0,76.0,15.12,,108.125
11/29/21,09:07:44,YYY,16-Feb-22,P,110.0,269.0,2.9620001,3.1120002,94.0,30.0,5.76,,108.125
11/29/21,09:07:44,YYY,16-Feb-22,C,110.0,269.0,0.0,0.132,6.0,30.0,5.76,,108.125
11/29/21,09:07:44,YYY,16-Feb-22,P,109.5,280.0,2.56,2.71,88.0,34.0,6.57,,108.125
11/29/21,09:07:44,YYY,16-Feb-22,C,109.5,280.0,0.08,0.23,12.0,34.0,6.57,,108.125
11/29/21,09:07:44,YYY,16-Feb-22,P,109.0,291.0,2.214,2.3639998,80.0,37.0,7.26,,108.125
11/29/21,09:07:44,YYY,16-Feb-22,C,109.0,291.0,0.234,0.384,20.0,37.0,7.26,,108.125
11/29/21,09:07:44,YYY,16-Feb-22,P,108.5,302.0,1.9189999,2.069,73.0,40.0,7.87,,108.125
11/29/21,09:07:44,YYY,16-Feb-22,C,108.5,302.0,0.439,0.589,27.0,40.0,7.87,,108.125
11/29/21,09:07:44,YYY,16-Feb-22,P,108.0,313.0,1.6689999,1.8189999,66.0,43.0,8.42,,108.125
11/29/21,09:07:44,YYY,16-Feb-22,C,108.0,313.0,0.688,0.83800006,34.0,43.0,8.42,,108.125
11/29/21,09:07:44,YYY,16-Feb-22,P,107.5,324.0,1.4560001,1.6060001,59.0,45.0,8.92,,108.125
11/29/21,09:07:44,YYY,16-Feb-22,C,107.5,324.0,0.975,1.125,41.0,45.0,8.92,,108.125
11/29/21,09:07:44,YYY,16-Feb-22,P,107.0,335.0,1.274,1.4239999,53.0,48.0,9.38,,108.125
11/29/21,09:07:44,YYY,16-Feb-22,C,107.0,335.0,1.2939999,1.4439999,47.0,48.0,9.38,,108.125
11/29/21,09:07:44,YYY,16-Feb-22,P,106.5,346.0,1.119,1.269,48.0,50.0,9.82,,108.125
11/29/21,09:07:44,YYY,16-Feb-22,C,106.5,346.0,1.638,1.788,52.0,50.0,9.82,,108.125
11/29/21,09:07:44,YYY,16-Feb-22,P,106.0,358.0,0.985,1.135,43.0,52.0,10.22,,108.125
11/29/21,09:07:44,YYY,16-Feb-22,C,106.0,358.0,2.004,2.154,57.0,52.0,10.22,,108.125
11/29/21,09:07:44,YYY,16-Feb-22,P,105.5,369.0,0.87,1.02,39.0,54.0,10.6,,108.125
11/29/21,09:07:44,YYY,16-Feb-22,C,105.5,369.0,2.389,2.539,61.0,54.0,10.6,,108.125
11/29/21,09:07:44,YYY,16-Feb-22,P,105.0,380.0,0.77,0.92,35.0,56.0,10.97,,108.125
11/29/21,09:07:44,YYY,16-Feb-22,C,105.0,380.0,2.789,2.939,65.0,56.0,10.97,,108.125
11/29/21,09:07:44,YYY,16-Feb-22,P,104.5,392.0,0.683,0.833,32.0,57.0,11.31,,108.125
11/29/21,09:07:44,YYY,16-Feb-22,C,104.5,392.0,3.2020001,3.3520002,68.0,57.0,11.31,,108.125
11/29/21,09:07:44,YYY,16-Feb-22,P,104.0,404.0,0.606,0.756,29.0,59.0,11.63,,108.125
11/29/21,09:07:44,YYY,16-Feb-22,C,104.0,404.0,3.6260002,3.776,71.0,59.0,11.63,,108.125
11/29/21,09:07:44,YYY,16-Feb-22,P,103.5,415.0,0.54,0.69,26.0,61.0,11.95,,108.125
11/29/21,09:07:44,YYY,16-Feb-22,C,103.5,415.0,4.059,4.209,74.0,61.0,11.95,,108.125
11/29/21,09:07:44,YYY,16-Feb-22,P,103.0,427.0,0.48099998,0.631,24.0,62.0,12.24,,108.125
11/29/21,09:07:44,YYY,16-Feb-22,C,103.0,427.0,4.5,4.65,76.0,62.0,12.24,,108.125
11/29/21,09:07:44,YYY,16-Feb-22,P,102.5,439.0,0.42900002,0.579,22.0,63.0,12.53,,108.125
11/29/21,09:07:44,YYY,16-Feb-22,C,102.5,439.0,4.948,5.098,78.0,63.0,12.53,,108.125
11/29/21,09:07:44,YYY,16-Feb-22,P,102.0,451.0,0.383,0.533,20.0,65.0,12.8,,108.125
11/29/21,09:07:44,YYY,16-Feb-22,C,102.0,451.0,5.402,5.552,80.0,65.0,12.8,,108.125
11/29/21,09:07:44,YYY,16-Feb-22,P,101.5,463.0,0.342,0.492,18.0,66.0,13.07,,108.125
11/29/21,09:07:44,YYY,16-Feb-22,C,101.5,463.0,5.8609996,6.0109997,82.0,66.0,13.07,,108.125
11/29/21,09:07:44,YYY,16-Feb-22,P,101.0,475.0,0.305,0.455,16.0,67.0,13.33,,108.125
11/29/21,09:07:44,YYY,16-Feb-22,C,101.0,475.0,6.3240004,6.4740005,84.0,67.0,13.33,,108.125
11/29/21,09:07:44,YYY,16-Feb-22,P,100.5,488.0,0.273,0.42299998,15.0,69.0,13.57,,108.125
11/29/21,09:07:44,YYY,16-Feb-22,C,100.5,488.0,6.791,6.941,85.0,69.0,13.57,,108.125
11/29/21,09:07:44,YYY,16-Feb-22,P,100.0,500.0,0.244,0.39400002,14.0,70.0,13.81,,108.125
11/29/21,09:07:44,YYY,16-Feb-22,C,100.0,500.0,7.262,7.412,86.0,70.0,13.81,,108.125
11/29/21,09:07:44,YYY,16-Feb-22,P,99.0,525.0,0.19399999,0.344,12.0,72.0,14.27,,108.125
11/29/21,09:07:44,YYY,16-Feb-22,C,99.0,525.0,8.212,8.362,88.0,72.0,14.27,,108.125
11/29/21,09:07:44,YYY,16-Feb-22,P,98.0,551.0,0.153,0.303,10.0,74.0,14.7,,108.125
11/29/21,09:07:44,YYY,16-Feb-22,C,98.0,551.0,9.171,9.321,90.0,74.0,14.7,,108.125
11/29/21,09:07:44,YYY,16-Mar-22,P,110.0,266.0,3.369,3.519,93.0,31.0,5.87,,108.125
11/29/21,09:07:44,YYY,16-Mar-22,C,110.0,266.0,0.003,0.153,7.0,31.0,5.87,,108.125
11/29/21,09:07:44,YYY,16-Mar-22,P,109.5,277.0,2.975,3.125,88.0,34.0,6.64,,108.125
11/29/21,09:07:44,YYY,16-Mar-22,C,109.5,277.0,0.109,0.259,12.0,34.0,6.64,,108.125
11/29/21,09:07:44,YYY,16-Mar-22,P,109.0,288.0,2.631,2.7810001,81.0,37.0,7.29,,108.125
11/29/21,09:07:44,YYY,16-Mar-22,C,109.0,288.0,0.265,0.415,19.0,37.0,7.29,,108.125
11/29/21,09:07:44,YYY,16-Mar-22,P,108.5,299.0,2.332,2.4819999,75.0,40.0,7.85,,108.125
11/29/21,09:07:44,YYY,16-Mar-22,C,108.5,299.0,0.466,0.616,25.0,40.0,7.85,,108.125
11/29/21,09:07:44,YYY,16-Mar-22,P,108.0,310.0,2.074,2.224,69.0,43.0,8.37,,108.125
11/29/21,09:07:44,YYY,16-Mar-22,C,108.0,310.0,0.708,0.85800004,31.0,43.0,8.37,,108.125
11/29/21,09:07:44,YYY,16-Mar-22,P,107.5,322.0,1.8510001,2.0010002,63.0,45.0,8.83,,108.125
11/29/21,09:07:44,YYY,16-Mar-22,C,107.5,322.0,0.984,1.1340001,37.0,45.0,8.83,,108.125
11/29/21,09:07:44,YYY,16-Mar-22,P,107.0,333.0,1.656,1.8060001,58.0,47.0,9.27,,108.125
11/29/21,09:07:44,YYY,16-Mar-22,C,107.0,333.0,1.29,1.44,42.0,47.0,9.27,,108.125
11/29/21,09:07:44,YYY,16-Mar-22,P,106.5,344.0,1.4860001,1.636,53.0,49.0,9.67,,108.125
11/29/21,09:07:44,YYY,16-Mar-22,C,106.5,344.0,1.62,1.77,47.0,49.0,9.67,,108.125
11/29/21,09:07:44,YYY,16-Mar-22,P,106.0,356.0,1.338,1.488,48.0,51.0,10.05,,108.125
11/29/21,09:07:44,YYY,16-Mar-22,C,106.0,356.0,1.9710001,2.121,52.0,51.0,10.05,,108.125
11/29/21,09:07:44,YYY,16-Mar-22,P,105.5,367.0,1.207,1.357,44.0,53.0,10.41,,108.125
11/29/21,09:07:44,YYY,16-Mar-22,C,105.5,367.0,2.34,2.49,56.0,53.0,10.41,,108.125
11/29/21,09:07:44,YYY,16-Mar-22,P,105.0,379.0,1.092,1.242,41.0,54.0,10.75,,108.125
11/29/21,09:07:44,YYY,16-Mar-22,C,105.0,379.0,2.725,2.875,59.0,54.0,10.75,,108.125
11/29/21,09:07:44,YYY,16-Mar-22,P,104.5,390.0,0.989,1.139,37.0,56.0,11.07,,108.125
11/29/21,09:07:44,YYY,16-Mar-22,C,104.5,390.0,3.123,3.2729998,63.0,56.0,11.07,,108.125
11/29/21,09:07:44,YYY,16-Mar-22,P,104.0,402.0,0.899,1.049,34.0,58.0,11.38,,108.125
11/29/21,09:07:44,YYY,16-Mar-22,C,104.0,402.0,3.532,3.6820002,66.0,58.0,11.38,,108.125
11/29/21,09:07:44,YYY,16-Mar-22,P,103.5,414.0,0.818,0.96800005,32.0,59.0,11.67,,108.125
11/29/21,09:07:44,YYY,16-Mar-22,C,103.5,414.0,3.951,4.101,68.0,59.0,11.67,,108.125
11/29/21,09:07:44,YYY,16-Mar-22,P,103.0,426.0,0.745,0.895,29.0,60.0,11.95,,108.125
11/29/21,09:07:44,YYY,16-Mar-22,C,103.0,426.0,4.378,4.528,71.0,60.0,11.95,,108.125
11/29/21,09:07:44,YYY,16-Mar-22,P,102.5,438.0,0.68,0.83,27.0,62.0,12.22,,108.125
11/29/21,09:07:44,YYY,16-Mar-22,C,102.5,438.0,4.8129997,4.963,73.0,62.0,12.22,,108.125
11/29/21,09:07:44,YYY,16-Mar-22,P,102.0,450.0,0.622,0.77199996,25.0,63.0,12.48,,108.125
11/29/21,09:07:44,YYY,16-Mar-22,C,102.0,450.0,5.255,5.405,75.0,63.0,12.48,,108.125
11/29/21,09:07:44,YYY,16-Mar-22,P,101.5,463.0,0.569,0.71900004,23.0,64.0,12.73,,108.125
11/29/21,09:07:44,YYY,16-Mar-22,C,101.5,463.0,5.702,5.852,77.0,64.0,12.73,,108.125
11/29/21,09:07:44,YYY,16-Mar-22,P,101.0,475.0,0.52099997,0.671,22.0,65.0,12.97,,108.125
11/29/21,09:07:44,YYY,16-Mar-22,C,101.0,475.0,6.1540003,6.3040004,78.0,65.0,12.97,,108.125
11/29/21,09:07:44,YYY,16-Mar-22,P,100.5,487.0,0.478,0.628,20.0,66.0,13.2,,108.125
11/29/21,09:07:44,YYY,16-Mar-22,C,100.5,487.0,6.6109996,6.7609997,80.0,66.0,13.2,,108.125
11/29/21,09:07:44,YYY,16-Mar-22,P,100.0,500.0,0.438,0.588,19.0,68.0,13.43,,108.125
11/29/21,09:07:44,YYY,16-Mar-22,C,100.0,500.0,7.0709996,7.2209997,81.0,68.0,13.43,,108.125
11/29/21,09:07:44,YYY,16-Mar-22,P,99.0,525.0,0.37,0.52,16.0,70.0,13.86,,108.125
11/29/21,09:07:44,YYY,16-Mar-22,C,99.0,525.0,8.002,8.152,84.0,70.0,13.86,,108.125
11/29/21,09:07:44,YYY,16-Mar-22,P,98.0,551.0,0.313,0.463,14.0,72.0,14.27,,108.125
11/29/21,09:07:44,YYY,16-Mar-22,C,98.0,551.0,8.945,9.095,86.0,72.0,14.27,,108.125
11/29/21,09:07:44,YYY,20-Apr-22,P,110.0,262.0,3.855,4.055,93.0,33.0,6.13,,108.125
11/29/21,09:07:44,YYY,20-Apr-22,C,110.0,262.0,0.009,0.20899999,7.0,33.0,6.13,,108.125
11/29/21,09:07:44,YYY,20-Apr-22,P,109.5,273.0,3.464,3.664,88.0,36.0,6.78,,108.125
11/29/21,09:07:44,YYY,20-Apr-22,C,109.5,273.0,0.117,0.317,12.0,36.0,6.78,,108.125
11/29/21,09:07:44,YYY,20-Apr-22,P,109.0,284.0,3.115,3.315,83.0,38.0,7.33,,108.125
11/29/21,09:07:44,YYY,20-Apr-22,C,109.0,284.0,0.268,0.468,17.0,38.0,7.33,,108.125
11/29/21,09:07:44,YYY,20-Apr-22,P,108.5,296.0,2.806,3.006,77.0,40.0,7.82,,108.125
11/29/21,09:07:44,YYY,20-Apr-22,C,108.5,296.0,0.45900002,0.65900004,23.0,40.0,7.82,,108.125
11/29/21,09:07:44,YYY,20-Apr-22,P,108.0,307.0,2.533,2.7329998,72.0,43.0,8.26,,108.125
11/29/21,09:07:44,YYY,20-Apr-22,C,108.0,307.0,0.686,0.886,28.0,43.0,8.26,,108.125
11/29/21,09:07:44,YYY,20-Apr-22,P,107.5,318.0,2.292,2.4919999,67.0,45.0,8.67,,108.125
11/29/21,09:07:44,YYY,20-Apr-22,C,107.5,318.0,0.944,1.144,33.0,45.0,8.67,,108.125
11/29/21,09:07:44,YYY,20-Apr-22,P,107.0,330.0,2.078,2.278,62.0,46.0,9.05,,108.125
11/29/21,09:07:44,YYY,20-Apr-22,C,107.0,330.0,1.23,1.43,38.0,46.0,9.05,,108.125
11/29/21,09:07:44,YYY,20-Apr-22,P,106.5,341.0,1.8889999,2.089,57.0,48.0,9.4,,108.125
11/29/21,09:07:44,YYY,20-Apr-22,C,106.5,341.0,1.541,1.741,42.0,48.0,9.4,,108.125
11/29/21,09:07:44,YYY,20-Apr-22,P,106.0,353.0,1.72,1.92,53.0,50.0,9.74,,108.125
11/29/21,09:07:44,YYY,20-Apr-22,C,106.0,353.0,1.872,2.072,47.0,50.0,9.74,,108.125
11/29/21,09:07:44,YYY,20-Apr-22,P,105.5,365.0,1.57,1.77,50.0,51.0,10.05,,108.125
11/29/21,09:07:44,YYY,20-Apr-22,C,105.5,365.0,2.222,2.422,50.0,51.0,10.05,,108.125
11/29/21,09:07:44,YYY,20-Apr-22,P,105.0,377.0,1.4360001,1.636,46.0,53.0,10.35,,108.125
11/29/21,09:07:44,YYY,20-Apr-22,C,105.0,377.0,2.5879998,2.7879999,54.0,53.0,10.35,,108.125
11/29/21,09:07:44,YYY,20-Apr-22,P,104.5,389.0,1.315,1.515,43.0,54.0,10.64,,108.125
11/29/21,09:07:44,YYY,20-Apr-22,C,104.5,389.0,2.967,3.167,57.0,54.0,10.64,,108.125
11/29/21,09:07:44,YYY,20-Apr-22,P,104.0,401.0,1.207,1.407,40.0,56.0,10.91,,108.125
11/29/21,09:07:44,YYY,20-Apr-22,C,104.0,401.0,3.359,3.559,60.0,56.0,10.91,,108.125
11/29/21,09:07:44,YYY,20-Apr-22,P,103.5,413.0,1.11,1.31,37.0,57.0,11.17,,108.125
11/29/21,09:07:44,YYY,20-Apr-22,C,103.5,413.0,3.7610002,3.961,63.0,57.0,11.17,,108.125
11/29/21,09:07:44,YYY,20-Apr-22,P,103.0,425.0,1.022,1.222,35.0,58.0,11.42,,108.125
11/29/21,09:07:44,YYY,20-Apr-22,C,103.0,425.0,4.173,4.3729997,65.0,58.0,11.42,,108.125
11/29/21,09:07:44,YYY,20-Apr-22,P,102.5,437.0,0.942,1.142,32.0,59.0,11.66,,108.125
11/29/21,09:07:44,YYY,20-Apr-22,C,102.5,437.0,4.593,4.7929997,68.0,59.0,11.66,,108.125
11/29/21,09:07:44,YYY,20-Apr-22,P,102.0,449.0,0.869,1.069,30.0,60.0,11.89,,108.125
11/29/21,09:07:44,YYY,20-Apr-22,C,102.0,449.0,5.02,5.22,70.0,60.0,11.89,,108.125
11/29/21,09:07:44,YYY,20-Apr-22,P,101.5,462.0,0.80300003,1.003,28.0,62.0,12.11,,108.125
11/29/21,09:07:44,YYY,20-Apr-22,C,101.5,462.0,5.4540005,5.6540003,72.0,62.0,12.11,,108.125
11/29/21,09:07:44,YYY,20-Apr-22,P,101.0,475.0,0.74300003,0.943,27.0,63.0,12.33,,108.125
11/29/21,09:07:44,YYY,20-Apr-22,C,101.0,475.0,5.894,6.0940003,73.0,63.0,12.33,,108.125
11/29/21,09:07:44,YYY,20-Apr-22,P,100.0,500.0,0.637,0.83699995,23.0,65.0,12.74,,108.125
11/29/21,09:07:44,YYY,20-Apr-22,C,100.0,500.0,6.788,6.988,77.0,65.0,12.74,,108.125
11/29/21,09:07:44,YYY,20-Apr-22,P,99.0,526.0,0.548,0.748,21.0,66.0,13.13,,108.125
11/29/21,09:07:44,YYY,20-Apr-22,C,99.0,526.0,7.698,7.898,79.0,66.0,13.13,,108.125
11/29/21,09:07:44,YYY,20-Apr-22,P,98.0,552.0,0.472,0.672,18.0,68.0,13.5,,108.125
11/29/21,09:07:44,YYY,20-Apr-22,C,98.0,552.0,8.623,8.823,82.0,68.0,13.5,,108.125
11/29/21,09:07:44,YYY,18-May-22,P,111.0,236.0,5.14,5.34,99.0,26.0,2.15,,108.125
11/29/21,09:07:44,YYY,18-May-22,C,111.0,236.0,0.0,0.11,1.0,26.0,2.15,,108.125
11/29/21,09:07:44,YYY,18-May-22,P,110.0,259.0,4.226,4.426,94.0,32.0,5.75,,108.125
11/29/21,09:07:44,YYY,18-May-22,C,110.0,259.0,0.0,0.19600001,6.0,32.0,5.75,,108.125
11/29/21,09:07:44,YYY,18-May-22,P,109.0,281.0,3.466,3.6660001,84.0,37.0,7.0,,108.125
11/29/21,09:07:44,YYY,18-May-22,C,109.0,281.0,0.236,0.436,15.0,37.0,7.0,,108.125
11/29/21,09:07:44,YYY,18-May-22,P,108.0,304.0,2.8639998,3.064,74.0,41.0,7.95,,108.125
11/29/21,09:07:44,YYY,18-May-22,C,108.0,304.0,0.634,0.834,25.0,41.0,7.95,,108.125
11/29/21,09:07:44,YYY,18-May-22,P,107.0,327.0,2.392,2.592,65.0,45.0,8.75,,108.125
11/29/21,09:07:44,YYY,18-May-22,C,107.0,327.0,1.161,1.3610001,35.0,45.0,8.75,,108.125
11/29/21,09:07:44,YYY,18-May-22,P,106.0,351.0,2.0180001,2.218,57.0,49.0,9.45,,108.125
11/29/21,09:07:44,YYY,18-May-22,C,106.0,351.0,1.787,1.987,43.0,49.0,9.45,,108.125
11/29/21,09:07:44,YYY,18-May-22,P,105.0,375.0,1.718,1.918,50.0,52.0,10.08,,108.125
11/29/21,09:07:44,YYY,18-May-22,C,105.0,375.0,2.487,2.687,50.0,52.0,10.08,,108.125
11/29/21,09:07:44,YYY,18-May-22,P,104.0,399.0,1.475,1.675,44.0,55.0,10.64,,108.125
11/29/21,09:07:44,YYY,18-May-22,C,104.0,399.0,3.2429998,3.4429998,56.0,55.0,10.64,,108.125
11/29/21,09:07:44,YYY,18-May-22,P,103.0,424.0,1.274,1.474,38.0,57.0,11.16,,108.125
11/29/21,09:07:44,YYY,18-May-22,C,103.0,424.0,4.0420003,4.242,61.0,57.0,11.16,,108.125
11/29/21,09:07:44,YYY,18-May-22,P,102.0,449.0,1.108,1.3080001,34.0,59.0,11.64,,108.125
11/29/21,09:07:44,YYY,18-May-22,C,102.0,449.0,4.875,5.075,66.0,59.0,11.64,,108.125
11/29/21,09:07:44,YYY,18-May-22,P,101.0,474.0,0.96800005,1.168,30.0,62.0,12.08,,108.125
11/29/21,09:07:44,YYY,18-May-22,C,101.0,474.0,5.735,5.935,70.0,62.0,12.08,,108.125
11/29/21,09:07:44,YYY,18-May-22,P,100.0,500.0,0.84900004,1.049,27.0,64.0,12.5,,108.125
11/29/21,09:07:44,YYY,18-May-22,C,100.0,500.0,6.6159997,6.816,73.0,64.0,12.5,,108.125
11/29/21,09:07:44,YYY,18-May-22,P,99.0,526.0,0.748,0.948,24.0,66.0,12.89,,108.125
11/29/21,09:07:44,YYY,18-May-22,C,99.0,526.0,7.515,7.715,76.0,66.0,12.89,,108.125
11/29/21,09:07:44,YYY,18-May-22,P,98.0,553.0,0.661,0.861,22.0,67.0,13.26,,108.125
11/29/21,09:07:44,YYY,18-May-22,C,98.0,553.0,8.427,8.627,78.0,67.0,13.26,,108.125
11/29/21,09:07:44,YYY,18-May-22,P,97.0,580.0,0.58599997,0.786,20.0,69.0,13.62,,108.125
11/29/21,09:07:44,YYY,18-May-22,C,97.0,580.0,9.352,9.552,80.0,69.0,13.62,,108.125
11/29/21,09:07:44,YYY,18-May-22,P,96.0,608.0,0.52,0.72,18.0,71.0,13.95,,108.125
11/29/21,09:07:44,YYY,18-May-22,C,96.0,608.0,10.285999,10.486,82.0,71.0,13.95,,108.125
11/29/21,09:07:44,YYY,18-May-22,P,95.0,636.0,0.463,0.66300005,16.0,72.0,14.28,,108.125
11/29/21,09:07:44,YYY,18-May-22,C,95.0,636.0,11.228001,11.428,84.0,72.0,14.28,,108.125
11/29/21,09:07:44,YYY,15-Jun-22,P,111.0,233.0,5.503,5.753,98.0,28.0,2.94,,108.125
11/29/21,09:07:44,YYY,15-Jun-22,C,111.0,233.0,0.0,0.142,1.0,28.0,2.94,,108.125
11/29/21,09:07:44,YYY,15-Jun-22,P,110.0,255.0,4.588,4.838,94.0,32.0,5.72,,108.125
11/29/21,09:07:44,YYY,15-Jun-22,C,110.0,255.0,0.0,0.22600001,6.0,32.0,5.72,,108.125
11/29/21,09:07:44,YYY,15-Jun-22,P,109.0,278.0,3.809,4.059,86.0,37.0,6.89,,108.125
11/29/21,09:07:44,YYY,15-Jun-22,C,109.0,278.0,0.19700001,0.447,14.0,37.0,6.89,,108.125
11/29/21,09:07:44,YYY,15-Jun-22,P,108.0,301.0,3.184,3.434,77.0,41.0,7.8,,108.125
11/29/21,09:07:44,YYY,15-Jun-22,C,108.0,301.0,0.572,0.82199997,23.0,41.0,7.8,,108.125
11/29/21,09:07:44,YYY,15-Jun-22,P,107.0,325.0,2.689,2.939,68.0,45.0,8.59,,108.125
11/29/21,09:07:44,YYY,15-Jun-22,C,107.0,325.0,1.076,1.3260001,32.0,45.0,8.59,,108.125
11/29/21,09:07:44,YYY,15-Jun-22,P,106.0,349.0,2.295,2.545,60.0,48.0,9.28,,108.125
11/29/21,09:07:44,YYY,15-Jun-22,C,106.0,349.0,1.6810001,1.9310001,40.0,48.0,9.28,,108.125
11/29/21,09:07:44,YYY,15-Jun-22,P,105.0,373.0,1.977,2.227,53.0,51.0,9.9,,108.125
11/29/21,09:07:44,YYY,15-Jun-22,C,105.0,373.0,2.363,2.613,47.0,51.0,9.9,,108.125
11/29/21,09:07:44,YYY,15-Jun-22,P,104.0,398.0,1.7160001,1.9660001,47.0,54.0,10.47,,108.125
11/29/21,09:07:44,YYY,15-Jun-22,C,104.0,398.0,3.1020002,3.3520002,53.0,54.0,10.47,,108.125
11/29/21,09:07:44,YYY,15-Jun-22,P,103.0,423.0,1.501,1.751,42.0,56.0,10.99,,108.125
11/29/21,09:07:44,YYY,15-Jun-22,C,103.0,423.0,3.8860002,4.136,58.0,56.0,10.99,,108.125
11/29/21,09:07:44,YYY,15-Jun-22,P,102.0,448.0,1.3210001,1.5710001,37.0,59.0,11.47,,108.125
11/29/21,09:07:44,YYY,15-Jun-22,C,102.0,448.0,4.705,4.955,62.0,59.0,11.47,,108.125
11/29/21,09:07:44,YYY,15-Jun-22,P,101.0,474.0,1.168,1.418,34.0,61.0,11.91,,108.125
11/29/21,09:07:44,YYY,15-Jun-22,C,101.0,474.0,5.552,5.802,66.0,61.0,11.91,,108.125
11/29/21,09:07:44,YYY,15-Jun-22,P,100.0,500.0,1.037,1.287,30.0,63.0,12.33,,108.125
11/29/21,09:07:44,YYY,15-Jun-22,C,100.0,500.0,6.4209995,6.6709995,69.0,63.0,12.33,,108.125
11/29/21,09:07:44,YYY,15-Jun-22,P,99.0,527.0,0.925,1.175,28.0,65.0,12.72,,108.125
11/29/21,09:07:44,YYY,15-Jun-22,C,99.0,527.0,7.308,7.558,72.0,65.0,12.72,,108.125
11/29/21,09:07:44,YYY,15-Jun-22,P,98.0,554.0,0.82699996,1.077,25.0,66.0,13.1,,108.125
11/29/21,09:07:44,YYY,15-Jun-22,C,98.0,554.0,8.21,8.46,75.0,66.0,13.1,,108.125
11/29/21,09:07:44,YYY,15-Jun-22,P,97.0,581.0,0.742,0.992,23.0,68.0,13.45,,108.125
11/29/21,09:07:44,YYY,15-Jun-22,C,97.0,581.0,9.125,9.375,77.0,68.0,13.45,,108.125
11/29/21,09:07:44,YYY,15-Jun-22,P,96.0,609.0,0.667,0.917,21.0,70.0,13.79,,108.125
11/29/21,09:07:44,YYY,15-Jun-22,C,96.0,609.0,10.049,10.299,79.0,70.0,13.79,,108.125
11/29/21,09:07:44,YYY,15-Jun-22,P,95.0,638.0,0.601,0.851,19.0,71.0,14.11,,108.125
11/29/21,09:07:44,YYY,15-Jun-22,C,95.0,638.0,10.983001,11.233001,81.0,71.0,14.11,,108.125
11/29/21,10:26:36,ZZZ,15-Dec-21,P,108.0,,0.52,0.7,55.0,41.7,,6.1,108.1
11/29/21,10:26:36,ZZZ,15-Dec-21,C,108.0,,0.4,0.58,-45.0,41.7,,6.1,108.1
11/29/21,10:26:36,ZZZ,15-Dec-21,P,107.75,,0.43,0.61,48.0,44.0,,6.4,108.1
11/29/21,10:26:36,ZZZ,15-Dec-21,C,107.75,,0.56,0.74,-52.0,44.0,,6.4,108.1
11/29/21,10:26:36,ZZZ,15-Dec-21,P,107.5,,0.35,0.53,42.0,46.3,,6.8,108.1
11/29/21,10:26:36,ZZZ,15-Dec-21,C,107.5,,0.73,0.91,-58.0,46.3,,6.8,108.1
11/29/21,10:26:36,ZZZ,15-Dec-21,P,107.25,,0.28,0.46,36.0,47.8,,7.0,108.1
11/29/21,10:26:36,ZZZ,15-Dec-21,C,107.25,,0.91,1.09,-64.0,47.8,,7.0,108.1
11/29/21,10:26:36,ZZZ,19-Jan-22,P,108.5,,1.4,1.6,72.0,36.3,,5.3,108.1
11/29/21,10:26:36,ZZZ,19-Jan-22,C,108.5,,0.29,0.49,-28.0,36.3,,5.3,108.1
11/29/21,10:26:36,ZZZ,19-Jan-22,P,108.25,,1.25,1.45,67.0,37.4,,5.5,108.1
11/29/21,10:26:36,ZZZ,19-Jan-22,C,108.25,,0.39,0.59,-33.0,37.4,,5.5,108.1
11/29/21,10:26:36,ZZZ,19-Jan-22,P,108.0,,1.13,1.33,63.0,38.7,,5.7,108.1
11/29/21,10:26:36,ZZZ,19-Jan-22,C,108.0,,0.52,0.72,-37.0,38.7,,5.7,108.1
11/29/21,10:26:36,ZZZ,19-Jan-22,P,107.75,,1.02,1.22,58.0,40.5,,5.9,108.1
11/29/21,10:26:36,ZZZ,19-Jan-22,C,107.75,,0.67,0.87,-42.0,40.5,,5.9,108.1
11/29/21,10:26:36,ZZZ,19-Jan-22,P,107.5,,0.96,1.16,54.0,43.3,,6.3,108.1
11/29/21,10:26:36,ZZZ,19-Jan-22,C,107.5,,0.85,1.05,-46.0,43.3,,6.3,108.1
11/29/21,10:26:36,ZZZ,19-Jan-22,P,107.25,,0.88,1.08,50.0,45.4,,6.6,108.1
11/29/21,10:26:36,ZZZ,19-Jan-22,C,107.25,,1.03,1.23,-50.0,45.4,,6.6,108.1
11/29/21,10:26:36,ZZZ,19-Jan-22,P,107.0,,0.82,1.02,47.0,47.4,,6.9,108.1
11/29/21,10:26:36,ZZZ,19-Jan-22,C,107.0,,1.21,1.41,-53.0,47.4,,6.9,108.1
11/29/21,10:26:36,ZZZ,19-Jan-22,P,106.75,,0.74,0.94,44.0,48.3,,7.1,108.1
11/29/21,10:26:36,ZZZ,19-Jan-22,C,106.75,,1.38,1.58,-56.0,48.3,,7.1,108.1
11/29/21,10:26:36,ZZZ,19-Jan-22,P,106.5,,0.68,0.88,41.0,49.9,,7.3,108.1
11/29/21,10:26:36,ZZZ,19-Jan-22,C,106.5,,1.57,1.77,-59.0,49.9,,7.3,108.1
11/29/21,10:26:36,ZZZ,19-Jan-22,P,106.25,,0.63,0.83,38.0,51.3,,7.5,108.1
11/29/21,10:26:36,ZZZ,19-Jan-22,C,106.25,,1.77,1.97,-62.0,51.3,,7.5,108.1
11/29/21,10:26:36,ZZZ,19-Jan-22,P,106.0,,0.58,0.78,36.0,52.7,,7.7,108.1
11/29/21,10:26:36,ZZZ,19-Jan-22,C,106.0,,1.97,2.17,-64.0,52.7,,7.7,108.1
11/29/21,10:26:36,ZZZ,19-Jan-22,P,105.75,,0.54,0.74,33.0,54.4,,8.0,108.1
11/29/21,10:26:36,ZZZ,19-Jan-22,C,105.75,,2.18,2.38,-67.0,54.4,,8.0,108.1
11/29/21,10:26:36,ZZZ,19-Jan-22,P,105.5,,0.5,0.7,31.0,56.0,,8.2,108.1
11/29/21,10:26:36,ZZZ,19-Jan-22,C,105.5,,2.4,2.6,-69.0,56.0,,8.2,108.1
11/29/21,10:26:36,ZZZ,19-Jan-22,P,105.25,,0.47,0.67,30.0,57.5,,8.4,108.1
11/29/21,10:26:36,ZZZ,19-Jan-22,C,105.25,,2.61,2.81,-70.0,57.5,,8.4,108.1
11/29/21,10:26:36,ZZZ,19-Jan-22,P,105.0,,0.44,0.64,28.0,59.1,,8.6,108.1
11/29/21,10:26:36,ZZZ,19-Jan-22,C,105.0,,2.83,3.03,-72.0,59.1,,8.6,108.1
11/29/21,10:26:36,ZZZ,19-Jan-22,P,104.5,,0.37,0.57,24.0,60.9,,8.9,108.1
11/29/21,10:26:36,ZZZ,19-Jan-22,C,104.5,,3.26,3.46,-75.0,60.9,,8.9,108.1
11/29/21,10:26:36,ZZZ,19-Jan-22,P,104.0,,0.31,0.51,22.0,62.9,,9.2,108.1
11/29/21,10:26:36,ZZZ,19-Jan-22,C,104.0,,3.71,3.91,-78.0,62.9,,9.2,108.1
11/29/21,10:26:36,ZZZ,19-Jan-22,P,103.75,,0.28,0.48,20.0,63.7,,9.3,108.1
11/29/21,10:26:36,ZZZ,19-Jan-22,C,103.75,,3.93,4.13,-80.0,63.7,,9.3,108.1
11/29/21,10:26:36,ZZZ,19-Jan-22,P,103.5,,0.26,0.46,19.0,64.5,,9.4,108.1
11/29/21,10:26:36,ZZZ,19-Jan-22,C,103.5,,4.15,4.35,-81.0,64.5,,9.4,108.1
11/29/21,10:26:36,ZZZ,16-Feb-22,P,108.75,,2.03,2.21,77.0,37.2,,5.4,108.1
11/29/21,10:26:36,ZZZ,16-Feb-22,C,108.75,,0.29,0.47,-23.0,37.2,,5.4,108.1
11/29/21,10:26:36,ZZZ,16-Feb-22,P,108.5,,1.88,2.06,74.0,38.4,,5.6,108.1
11/29/21,10:26:36,ZZZ,16-Feb-22,C,108.5,,0.39,0.57,-26.0,38.4,,5.6,108.1
11/29/21,10:26:36,ZZZ,16-Feb-22,P,108.25,,1.74,1.92,70.0,39.5,,5.8,108.1
11/29/21,10:26:36,ZZZ,16-Feb-22,C,108.25,,0.49,0.67,-30.0,39.5,,5.8,108.1
11/29/21,10:26:36,ZZZ,16-Feb-22,P,108.0,,1.61,1.79,66.0,40.9,,6.0,108.1
11/29/21,10:26:36,ZZZ,16-Feb-22,C,108.0,,0.62,0.8,-34.0,40.9,,6.0,108.1
11/29/21,10:26:36,ZZZ,16-Feb-22,P,107.75,,1.49,1.67,63.0,42.0,,6.1,108.1
11/29/21,10:26:36,ZZZ,16-Feb-22,C,107.75,,0.75,0.93,-37.0,42.0,,6.1,108.1
11/29/21,10:26:36,ZZZ,16-Feb-22,P,107.5,,1.41,1.59,59.0,44.1,,6.5,108.1
11/29/21,10:26:36,ZZZ,16-Feb-22,C,107.5,,0.92,1.1,-41.0,44.1,,6.5,108.1
11/29/21,10:26:36,ZZZ,16-Feb-22,P,107.25,,1.32,1.5,56.0,45.4,,6.6,108.1
11/29/21,10:26:36,ZZZ,16-Feb-22,C,107.25,,1.07,1.25,-44.0,45.4,,6.6,108.1
11/29/21,10:26:36,ZZZ,16-Feb-22,P,107.0,,1.23,1.41,53.0,46.7,,6.8,108.1
11/29/21,10:26:36,ZZZ,16-Feb-22,C,107.0,,1.24,1.42,-47.0,46.7,,6.8,108.1
11/29/21,10:26:36,ZZZ,16-Feb-22,P,106.75,,1.13,1.31,50.0,47.1,,6.9,108.1
11/29/21,10:26:36,ZZZ,16-Feb-22,C,106.75,,1.38,1.56,-50.0,47.1,,6.9,108.1
11/29/21,10:26:36,ZZZ,16-Feb-22,P,106.5,,1.05,1.23,47.0,48.0,,7.0,108.1
11/29/21,10:26:36,ZZZ,16-Feb-22,C,106.5,,1.55,1.73,-53.0,48.0,,7.0,108.1
11/29/21,10:26:36,ZZZ,16-Feb-22,P,106.25,,0.97,1.15,45.0,48.8,,7.1,108.1
11/29/21,10:26:36,ZZZ,16-Feb-22,C,106.25,,1.73,1.91,-55.0,48.8,,7.1,108.1
11/29/21,10:26:36,ZZZ,16-Feb-22,P,106.0,,0.9,1.08,42.0,49.6,,7.3,108.1
11/29/21,10:26:36,ZZZ,16-Feb-22,C,106.0,,1.91,2.09,-58.0,49.6,,7.3,108.1
11/29/21,10:26:36,ZZZ,16-Feb-22,P,105.75,,0.84,1.02,40.0,50.6,,7.4,108.1
11/29/21,10:26:36,ZZZ,16-Feb-22,C,105.75,,2.1,2.28,-60.0,50.6,,7.4,108.1
11/29/21,10:26:36,ZZZ,16-Feb-22,P,105.5,,0.78,0.96,38.0,51.6,,7.5,108.1
11/29/21,10:26:36,ZZZ,16-Feb-22,C,105.5,,2.29,2.47,-62.0,51.6,,7.5,108.1
11/29/21,10:26:36,ZZZ,16-Feb-22,P,105.25,,0.73,0.91,36.0,52.4,,7.7,108.1
11/29/21,10:26:36,ZZZ,16-Feb-22,C,105.25,,2.49,2.67,-64.0,52.4,,7.7,108.1
11/29/21,10:26:36,ZZZ,16-Feb-22,P,105.0,,0.68,0.86,34.0,53.3,,7.8,108.1
11/29/21,10:26:36,ZZZ,16-Feb-22,C,105.0,,2.69,2.87,-66.0,53.3,,7.8,108.1
11/29/21,10:26:36,ZZZ,16-Feb-22,P,104.5,,0.59,0.77,30.0,54.7,,8.0,108.1
11/29/21,10:26:36,ZZZ,16-Feb-22,C,104.5,,3.09,3.27,-70.0,54.7,,8.0,108.1
11/29/21,10:26:36,ZZZ,16-Feb-22,P,104.0,,0.51,0.69,27.0,56.3,,8.2,108.1
11/29/21,10:26:36,ZZZ,16-Feb-22,C,104.0,,3.52,3.7,-73.0,56.3,,8.2,108.1
11/29/21,10:26:36,ZZZ,16-Feb-22,P,103.75,,0.48,0.66,26.0,57.1,,8.3,108.1
11/29/21,10:26:36,ZZZ,16-Feb-22,C,103.75,,3.73,3.91,-74.0,57.1,,8.3,108.1
11/29/21,10:26:36,ZZZ,16-Feb-22,P,103.5,,0.44,0.62,24.0,57.7,,8.4,108.1
11/29/21,10:26:36,ZZZ,16-Feb-22,C,103.5,,3.95,4.13,-76.0,57.7,,8.4,108.1
11/29/21,10:26:36,ZZZ,16-Feb-22,P,103.0,,0.38,0.56,22.0,59.1,,8.6,108.1
11/29/21,10:26:36,ZZZ,16-Feb-22,C,103.0,,4.39,4.57,-78.0,59.1,,8.6,108.1
11/29/21,10:26:36,ZZZ,16-Feb-22,P,102.5,,0.34,0.52,20.0,60.6,,8.9,108.1
11/29/21,10:26:36,ZZZ,16-Feb-22,C,102.5,,4.84,5.02,-80.0,60.6,,8.9,108.1
11/29/21,10:26:36,ZZZ,16-Feb-22,P,102.0,,0.3,0.48,18.0,62.5,,9.1,108.1
11/29/21,10:26:36,ZZZ,16-Feb-22,C,102.0,,5.31,5.49,-82.0,62.5,,9.1,108.1
11/29/21,10:26:36,ZZZ,16-Feb-22,P,101.75,,0.29,0.47,17.0,63.5,,9.3,108.1
11/29/21,10:26:36,ZZZ,16-Feb-22,C,101.75,,5.55,5.73,-83.0,63.5,,9.3,108.1
11/29/21,10:26:36,ZZZ,16-Feb-22,P,101.5,,0.28,0.46,17.0,64.5,,9.4,108.1
11/29/21,10:26:36,ZZZ,16-Feb-22,C,101.5,,5.78,5.96,-83.0,64.5,,9.4,108.1
11/29/21,10:26:36,ZZZ,16-Mar-22,P,108.75,,2.44,2.64,79.0,38.1,,5.6,108.1
11/29/21,10:26:36,ZZZ,16-Mar-22,C,108.75,,0.31,0.51,-21.0,38.1,,5.6,108.1
11/29/21,10:26:36,ZZZ,16-Mar-22,P,108.5,,2.29,2.49,75.0,39.3,,5.7,108.1
11/29/21,10:26:36,ZZZ,16-Mar-22,C,108.5,,0.41,0.61,-25.0,39.3,,5.7,108.1
11/29/21,10:26:36,ZZZ,16-Mar-22,P,108.25,,2.15,2.35,72.0,40.5,,5.9,108.1
11/29/21,10:26:36,ZZZ,16-Mar-22,C,108.25,,0.52,0.72,-28.0,40.5,,5.9,108.1
11/29/21,10:26:36,ZZZ,16-Mar-22,P,108.0,,2.04,2.24,69.0,42.5,,6.2,108.1
11/29/21,10:26:36,ZZZ,16-Mar-22,C,108.0,,0.66,0.86,-31.0,42.5,,6.2,108.1
11/29/21,10:26:36,ZZZ,16-Mar-22,P,107.75,,1.93,2.13,66.0,44.1,,6.4,108.1
11/29/21,10:26:36,ZZZ,16-Mar-22,C,107.75,,0.8,1.0,-34.0,44.1,,6.4,108.1
11/29/21,10:26:36,ZZZ,16-Mar-22,P,107.5,,1.83,2.03,63.0,45.5,,6.7,108.1
11/29/21,10:26:36,ZZZ,16-Mar-22,C,107.5,,0.95,1.15,-37.0,45.5,,6.7,108.1
11/29/21,10:26:36,ZZZ,16-Mar-22,P,107.25,,1.71,1.91,60.0,46.2,,6.8,108.1
11/29/21,10:26:36,ZZZ,16-Mar-22,C,107.25,,1.08,1.28,-40.0,46.2,,6.8,108.1
11/29/21,10:26:36,ZZZ,16-Mar-22,P,107.0,,1.62,1.82,58.0,47.4,,6.9,108.1
11/29/21,10:26:36,ZZZ,16-Mar-22,C,107.0,,1.24,1.44,-42.0,47.4,,6.9,108.1
11/29/21,10:26:36,ZZZ,16-Mar-22,P,106.75,,1.51,1.71,55.0,47.9,,7.0,108.1
11/29/21,10:26:36,ZZZ,16-Mar-22,C,106.75,,1.39,1.59,-45.0,47.9,,7.0,108.1
11/29/21,10:26:36,ZZZ,16-Mar-22,P,106.5,,1.44,1.64,53.0,49.3,,7.2,108.1
11/29/21,10:26:36,ZZZ,16-Mar-22,C,106.5,,1.56,1.76,-47.0,49.3,,7.2,108.1
11/29/21,10:26:36,ZZZ,16-Mar-22,P,106.25,,1.36,1.56,50.0,50.3,,7.4,108.1
11/29/21,10:26:36,ZZZ,16-Mar-22,C,106.25,,1.74,1.94,-50.0,50.3,,7.4,108.1
11/29/21,10:26:36,ZZZ,16-Mar-22,P,106.0,,1.29,1.49,48.0,51.2,,7.5,108.1
11/29/21,10:26:36,ZZZ,16-Mar-22,C,106.0,,1.91,2.11,-52.0,51.2,,7.5,108.1
11/29/21,10:26:36,ZZZ,16-Mar-22,P,105.75,,1.23,1.43,46.0,52.3,,7.7,108.1
11/29/21,10:26:36,ZZZ,16-Mar-22,C,105.75,,2.1,2.3,-54.0,52.3,,7.7,108.1
11/29/21,10:26:36,ZZZ,16-Mar-22,P,105.5,,1.17,1.37,44.0,53.5,,7.8,108.1
11/29/21,10:26:36,ZZZ,16-Mar-22,C,105.5,,2.29,2.49,-56.0,53.5,,7.8,108.1
11/29/21,10:26:36,ZZZ,16-Mar-22,P,105.25,,1.11,1.31,42.0,54.5,,8.0,108.1
11/29/21,10:26:36,ZZZ,16-Mar-22,C,105.25,,2.49,2.69,-58.0,54.5,,8.0,108.1
11/29/21,10:26:36,ZZZ,16-Mar-22,P,105.0,,1.06,1.26,40.0,55.3,,8.1,108.1
11/29/21,10:26:36,ZZZ,16-Mar-22,C,105.0,,2.68,2.88,-60.0,55.3,,8.1,108.1
11/29/21,10:26:36,ZZZ,16-Mar-22,P,104.5,,0.94,1.14,37.0,56.5,,8.3,108.1
11/29/21,10:26:36,ZZZ,16-Mar-22,C,104.5,,3.06,3.26,-63.0,56.5,,8.3,108.1
11/29/21,10:26:36,ZZZ,16-Mar-22,P,104.0,,0.84,1.04,34.0,57.9,,8.5,108.1
11/29/21,10:26:36,ZZZ,16-Mar-22,C,104.0,,3.46,3.66,-66.0,57.9,,8.5,108.1
11/29/21,10:26:36,ZZZ,16-Mar-22,P,103.75,,0.8,1.0,32.0,58.6,,8.6,108.1
11/29/21,10:26:36,ZZZ,16-Mar-22,C,103.75,,3.67,3.87,-68.0,58.6,,8.6,108.1
11/29/21,10:26:36,ZZZ,16-Mar-22,P,103.5,,0.76,0.96,31.0,59.4,,8.7,108.1
11/29/21,10:26:36,ZZZ,16-Mar-22,C,103.5,,3.88,4.08,-69.0,59.4,,8.7,108.1
11/29/21,10:26:36,ZZZ,16-Mar-22,P,103.0,,0.69,0.89,29.0,61.1,,8.9,108.1
11/29/21,10:26:36,ZZZ,16-Mar-22,C,103.0,,4.32,4.52,-71.0,61.1,,8.9,108.1
11/29/21,10:26:36,ZZZ,16-Mar-22,P,102.5,,0.61,0.81,26.0,61.7,,9.0,108.1
11/29/21,10:26:36,ZZZ,16-Mar-22,C,102.5,,4.73,4.93,-74.0,61.7,,9.0,108.1
11/29/21,10:26:36,ZZZ,16-Mar-22,P,102.0,,0.55,0.75,24.0,62.7,,9.2,108.1
11/29/21,10:26:36,ZZZ,16-Mar-22,C,102.0,,5.17,5.37,-76.0,62.7,,9.2,108.1
11/29/21,10:26:36,ZZZ,16-Mar-22,P,101.75,,0.52,0.72,23.0,63.4,,9.3,108.1
11/29/21,10:26:36,ZZZ,16-Mar-22,C,101.75,,5.39,5.59,-77.0,63.4,,9.3,108.1
11/29/21,10:26:36,ZZZ,16-Mar-22,P,101.5,,0.49,0.69,22.0,64.0,,9.4,108.1
11/29/21,10:26:36,ZZZ,16-Mar-22,C,101.5,,5.62,5.82,-78.0,64.0,,9.4,108.1
11/29/21,10:26:36,ZZZ,16-Mar-22,P,101.25,,0.47,0.67,21.0,64.5,,9.4,108.1
11/29/21,10:26:36,ZZZ,16-Mar-22,C,101.25,,5.84,6.04,-79.0,64.5,,9.4,108.1
11/29/21,10:26:36,ZZZ,16-Mar-22,P,101.0,,0.44,0.64,20.0,64.9,,9.5,108.1
11/29/21,10:26:36,ZZZ,16-Mar-22,C,101.0,,6.06,6.26,-80.0,64.9,,9.5,108.1
11/29/21,10:26:36,ZZZ,16-Mar-22,P,100.5,,0.38,0.58,19.0,65.3,,9.6,108.1
11/29/21,10:26:36,ZZZ,16-Mar-22,C,100.5,,6.51,6.71,-81.0,65.3,,9.6,108.1
11/29/21,10:26:36,ZZZ,16-Mar-22,P,100.0,,0.36,0.56,17.0,67.0,,9.8,108.1
11/29/21,10:26:36,ZZZ,16-Mar-22,C,100.0,,6.98,7.18,-83.0,67.0,,9.8,108.1
11/29/21,10:26:36,ZZZ,16-Mar-22,P,99.75,,0.34,0.54,17.0,67.3,,9.8,108.1
11/29/21,10:26:36,ZZZ,16-Mar-22,C,99.75,,7.21,7.41,-83.0,67.3,,9.8,108.1
11/29/21,10:26:36,ZZZ,16-Mar-22,P,99.5,,0.32,0.52,16.0,67.9,,9.9,108.1
11/29/21,10:26:36,ZZZ,16-Mar-22,C,99.5,,7.44,7.64,-84.0,67.9,,9.9,108.1
11/29/21,10:26:36,ZZZ,16-Mar-22,P,99.0,,0.3,0.5,15.0,69.3,,10.1,108.1
11/29/21,10:26:36,ZZZ,16-Mar-22,C,99.0,,7.92,8.12,-85.0,69.3,,10.1,108.1
11/29/21,10:26:36,ZZZ,16-Mar-22,P,98.75,,0.28,0.48,15.0,69.9,,10.2,108.1
11/29/21,10:26:36,ZZZ,16-Mar-22,C,98.75,,8.16,8.36,-85.0,69.9,,10.2,108.1
11/29/21,10:26:36,ZZZ,16-Mar-22,P,98.5,,0.27,0.47,14.0,70.4,,10.3,108.1
11/29/21,10:26:36,ZZZ,16-Mar-22,C,98.5,,8.39,8.59,-86.0,70.4,,10.3,108.1
11/29/21,10:03:27,WWW,15-Dec-21,P,109.0,,1.141,1.3010001,86.0,37.0,6.8,,108.1
11/29/21,10:03:27,WWW,15-Dec-21,C,111.0,,0.0,0.1,0.0,32.0,5.3,,108.1
11/29/21,10:03:27,WWW,15-Dec-21,P,108.5,,0.794,0.954,70.0,42.0,7.9,,108.1
11/29/21,10:03:27,WWW,15-Dec-21,C,110.5,,0.0,0.1,0.0,32.0,5.6,,108.1
11/29/21,10:03:27,WWW,15-Dec-21,P,108.0,,0.554,0.714,55.0,47.0,8.9,,108.1
11/29/21,10:03:27,WWW,15-Dec-21,C,110.0,,0.0,0.103,1.0,32.0,5.7,,108.1
11/29/21,10:03:27,WWW,15-Dec-21,P,107.5,,0.39099997,0.551,42.0,52.0,9.9,,108.1
11/29/21,10:03:27,WWW,15-Dec-21,C,109.5,,0.0,0.11399999,4.0,32.0,5.9,,108.1
11/29/21,10:03:27,WWW,15-Dec-21,P,107.0,,0.27899998,0.439,32.0,55.0,10.6,,108.1
11/29/21,10:03:27,WWW,15-Dec-21,C,109.0,,0.022,0.18200001,14.0,37.0,6.9,,108.1
11/29/21,10:03:27,WWW,15-Dec-21,P,106.5,,0.19399999,0.354,25.0,59.0,11.4,,108.1
11/29/21,10:03:27,WWW,15-Dec-21,C,108.5,,0.175,0.335,30.0,42.0,7.9,,108.1
11/29/21,10:03:27,WWW,15-Dec-21,P,106.0,,0.125,0.285,19.0,62.0,11.9,,108.1
11/29/21,10:03:27,WWW,15-Dec-21,C,108.0,,0.435,0.595,45.0,47.0,8.9,,108.1
11/29/21,10:03:27,WWW,15-Dec-21,P,105.5,,0.076,0.236,14.0,64.0,12.4,,108.1
11/29/21,10:03:27,WWW,15-Dec-21,C,107.5,,0.77199996,0.932,58.0,52.0,9.9,,108.1
11/29/21,10:03:27,WWW,15-Dec-21,P,105.0,,0.042,0.202,11.0,67.0,12.9,,108.1
11/29/21,10:03:27,WWW,15-Dec-21,C,,,,,,,,,108.1
11/29/21,10:03:27,WWW,15-Dec-21,P,104.0,,0.0,0.158,6.0,71.0,13.8,,108.1
11/29/21,10:03:27,WWW,15-Dec-21,C,,,,,,,,,108.1
11/29/21,10:03:27,WWW,15-Dec-21,P,103.0,,0.0,0.134,4.0,75.0,14.6,,108.1
11/29/21,10:03:27,WWW,15-Dec-21,C,,,,,,,,,108.1
11/29/21,10:03:27,WWW,15-Dec-21,P,102.0,,0.0,0.12100001,2.0,79.0,15.4,,108.1
11/29/21,10:03:27,WWW,15-Dec-21,C,,,,,,,,,108.1
11/29/21,10:03:27,WWW,15-Dec-21,P,101.0,,0.0,0.113000005,1.0,82.0,15.9,,108.1
11/29/21,10:03:27,WWW,15-Dec-21,C,,,,,,,,,108.1
11/29/21,10:03:27,WWW,19-Jan-22,P,108.0,,1.202,1.362,62.0,44.0,8.3,,108.1
11/29/21,10:03:27,WWW,19-Jan-22,C,111.0,,0.0,0.103999995,1.0,31.0,5.6,,108.1
11/29/21,10:03:27,WWW,19-Jan-22,P,107.5,,1.021,1.181,54.0,48.0,9.0,,108.1
11/29/21,10:03:27,WWW,19-Jan-22,C,110.5,,0.0,0.111,2.0,31.0,5.7,,108.1
11/29/21,10:03:27,WWW,19-Jan-22,P,107.0,,0.872,1.032,47.0,51.0,9.7,,108.1
11/29/21,10:03:27,WWW,19-Jan-22,C,110.0,,0.0,0.129,4.0,31.0,5.7,,108.1
11/29/21,10:03:27,WWW,19-Jan-22,P,106.5,,0.739,0.899,41.0,54.0,10.2,,108.1
11/29/21,10:03:27,WWW,19-Jan-22,C,109.5,,0.035,0.195,11.0,35.0,6.4,,108.1
11/29/21,10:03:27,WWW,19-Jan-22,P,106.0,,0.634,0.794,36.0,56.0,10.8,,108.1
11/29/21,10:03:27,WWW,19-Jan-22,C,109.0,,0.142,0.30200002,19.0,38.0,7.1,,108.1
11/29/21,10:03:27,WWW,19-Jan-22,P,105.0,,0.465,0.625,28.0,60.0,11.7,,108.1
11/29/21,10:03:27,WWW,19-Jan-22,C,108.5,,0.335,0.495,29.0,41.0,7.7,,108.1
11/29/21,10:03:27,WWW,19-Jan-22,P,104.0,,0.33900002,0.499,21.0,64.0,12.5,,108.1
11/29/21,10:03:27,WWW,19-Jan-22,C,108.0,,0.6,0.76,38.0,44.0,8.4,,108.1
11/29/21,10:03:27,WWW,19-Jan-22,P,103.0,,0.248,0.408,17.0,67.0,13.1,,108.1
11/29/21,10:03:27,WWW,19-Jan-22,C,107.5,,0.919,1.079,46.0,48.0,9.1,,108.1
11/29/21,10:03:27,WWW,19-Jan-22,P,102.0,,0.18,0.34,13.0,70.0,13.8,,108.1
11/29/21,10:03:27,WWW,19-Jan-22,C,107.0,,1.27,1.43,53.0,51.0,9.8,,108.1
11/29/21,10:03:27,WWW,19-Jan-22,P,101.0,,0.132,0.292,11.0,72.0,14.4,,108.1
11/29/21,10:03:27,WWW,19-Jan-22,C,,,,,,,,,108.1
11/29/21,10:03:27,WWW,19-Jan-22,P,100.0,,0.092,0.252,8.0,74.0,14.9,,108.1
11/29/21,10:03:27,WWW,19-Jan-22,C,,,,,,,,,108.1
11/29/21,10:03:27,WWW,19-Jan-22,P,99.0,,0.056999996,0.21700001,7.0,76.0,15.2,,108.1
11/29/21,10:03:27,WWW,19-Jan-22,C,,,,,,,,,108.1
11/29/21,10:03:27,WWW,19-Jan-22,P,98.0,,0.032,0.192,5.0,77.0,15.6,,108.1
11/29/21,10:03:27,WWW,19-Jan-22,C,,,,,,,,,108.1
11/29/21,10:03:27,WWW,19-Jan-22,P,97.0,,0.012999999,0.173,4.0,79.0,15.9,,108.1
11/29/21,10:03:27,WWW,19-Jan-22,C,,,,,,,,,108.1
11/29/21,10:03:27,WWW,16-Feb-22,P,108.0,,1.5910001,1.771,66.0,43.0,7.9,,108.1
11/29/21,10:03:27,WWW,16-Feb-22,C,111.0,,0.0,0.118,1.0,31.0,5.5,,108.1
11/29/21,10:03:27,WWW,16-Feb-22,P,107.5,,1.384,1.5639999,59.0,45.0,8.5,,108.1
11/29/21,10:03:27,WWW,16-Feb-22,C,110.5,,0.0,0.13,3.0,31.0,5.6,,108.1
11/29/21,10:03:27,WWW,16-Feb-22,P,107.0,,1.207,1.387,53.0,48.0,9.0,,108.1
11/29/21,10:03:27,WWW,16-Feb-22,C,110.0,,0.0,0.171,6.0,33.0,6.1,,108.1
11/29/21,10:03:27,WWW,16-Feb-22,P,106.5,,1.0630001,1.243,47.0,51.0,9.6,,108.1
11/29/21,10:03:27,WWW,16-Feb-22,C,109.5,,0.062,0.24200001,12.0,36.0,6.6,,108.1
11/29/21,10:03:27,WWW,16-Feb-22,P,106.0,,0.939,1.119,42.0,52.0,10.0,,108.1
11/29/21,10:03:27,WWW,16-Feb-22,C,109.0,,0.183,0.363,19.0,38.0,7.1,,108.1
11/29/21,10:03:27,WWW,16-Feb-22,P,105.0,,0.726,0.90599996,34.0,56.0,10.8,,108.1
11/29/21,10:03:27,WWW,16-Feb-22,C,108.5,,0.368,0.548,26.0,41.0,7.6,,108.1
11/29/21,10:03:27,WWW,16-Feb-22,P,104.0,,0.57,0.75,28.0,59.0,11.6,,108.1
11/29/21,10:03:27,WWW,16-Feb-22,C,108.0,,0.615,0.795,34.0,43.0,8.1,,108.1
11/29/21,10:03:27,WWW,16-Feb-22,P,103.0,,0.445,0.625,23.0,62.0,12.2,,108.1
11/29/21,10:03:27,WWW,16-Feb-22,C,107.5,,0.89699996,1.077,41.0,45.0,8.6,,108.1
11/29/21,10:03:27,WWW,16-Feb-22,P,102.0,,0.348,0.528,19.0,64.0,12.7,,108.1
11/29/21,10:03:27,WWW,16-Feb-22,C,107.0,,1.22,1.4,47.0,48.0,9.2,,108.1
11/29/21,10:03:27,WWW,16-Feb-22,P,101.0,,0.271,0.45099998,16.0,66.0,13.2,,108.1
11/29/21,10:03:27,WWW,16-Feb-22,C,106.5,,1.5760001,1.756,53.0,51.0,9.7,,108.1
11/29/21,10:03:27,WWW,16-Feb-22,P,100.0,,0.213,0.393,13.0,69.0,13.7,,108.1
11/29/21,10:03:27,WWW,16-Feb-22,C,,,,,,,,,108.1
11/29/21,10:03:27,WWW,16-Feb-22,P,99.0,,0.162,0.342,11.0,70.0,14.1,,108.1
11/29/21,10:03:27,WWW,16-Feb-22,C,,,,,,,,,108.1
11/29/21,10:03:27,WWW,16-Feb-22,P,98.0,,0.117,0.29700002,9.0,71.0,14.3,,108.1
11/29/21,10:03:27,WWW,16-Feb-22,C,,,,,,,,,108.1
11/29/21,10:03:27,WWW,16-Feb-22,P,97.0,,0.081999995,0.262,8.0,72.0,14.6,,108.1
11/29/21,10:03:27,WWW,16-Feb-22,C,,,,,,,,,108.1
11/29/21,10:03:27,WWW,16-Mar-22,P,107.5,,1.718,1.918,63.0,44.0,8.1,,108.1
11/29/21,10:03:27,WWW,16-Mar-22,C,111.0,,0.0,0.108,1.0,29.0,5.2,,108.1
11/29/21,10:03:27,WWW,16-Mar-22,P,107.0,,1.521,1.7210001,57.0,46.0,8.6,,108.1
11/29/21,10:03:27,WWW,16-Mar-22,C,110.5,,0.0,0.129,3.0,31.0,5.6,,108.1
11/29/21,10:03:27,WWW,16-Mar-22,P,106.5,,1.357,1.5569999,52.0,48.0,9.1,,108.1
11/29/21,10:03:27,WWW,16-Mar-22,C,110.0,,0.0,0.155,7.0,33.0,6.0,,108.1
11/29/21,10:03:27,WWW,16-Mar-22,P,106.0,,1.231,1.4310001,47.0,51.0,9.5,,108.1
11/29/21,10:03:27,WWW,16-Mar-22,C,109.5,,0.038,0.23799999,11.0,36.0,6.5,,108.1
11/29/21,10:03:27,WWW,16-Mar-22,P,105.0,,0.991,1.191,40.0,54.0,10.3,,108.1
11/29/21,10:03:27,WWW,16-Mar-22,C,109.0,,0.165,0.365,17.0,38.0,6.9,,108.1
11/29/21,10:03:27,WWW,16-Mar-22,P,104.0,,0.809,1.0090001,33.0,57.0,11.0,,108.1
11/29/21,10:03:27,WWW,16-Mar-22,C,108.5,,0.34,0.54,24.0,40.0,7.4,,108.1
11/29/21,10:03:27,WWW,16-Mar-22,P,103.0,,0.66800004,0.86800003,28.0,60.0,11.7,,108.1
11/29/21,10:03:27,WWW,16-Mar-22,C,108.0,,0.572,0.77199996,30.0,42.0,7.8,,108.1
11/29/21,10:03:27,WWW,16-Mar-22,P,102.0,,0.549,0.749,24.0,62.0,12.2,,108.1
11/29/21,10:03:27,WWW,16-Mar-22,C,107.5,,0.84699994,1.0469999,37.0,44.0,8.3,,108.1
11/29/21,10:03:27,WWW,16-Mar-22,P,101.0,,0.45200002,0.65199995,21.0,64.0,12.7,,108.1
11/29/21,10:03:27,WWW,16-Mar-22,C,107.0,,1.15,1.35,43.0,46.0,8.8,,108.1
11/29/21,10:03:27,WWW,16-Mar-22,P,100.0,,0.371,0.571,18.0,66.0,13.1,,108.1
11/29/21,10:03:27,WWW,16-Mar-22,C,106.5,,1.4860001,1.6860001,48.0,48.0,9.2,,108.1
11/29/21,10:03:27,WWW,16-Mar-22,P,99.0,,0.309,0.509,16.0,68.0,13.6,,108.1
11/29/21,10:03:27,WWW,16-Mar-22,C,106.0,,1.86,2.06,52.0,51.0,9.7,,108.1
11/29/21,10:03:27,WWW,16-Mar-22,P,98.0,,0.25100002,0.45099998,13.0,69.0,13.9,,108.1
11/29/21,10:03:27,WWW,16-Mar-22,C,,,,,,,,,108.1
11/29/21,10:03:27,WWW,16-Mar-22,P,97.0,,0.19700001,0.397,12.0,70.0,14.2,,108.1
11/29/21,10:03:27,WWW,16-Mar-22,C,,,,,,,,,108.1
11/29/21,10:03:27,WWW,16-Mar-22,P,96.0,,0.154,0.354,10.0,71.0,14.4,,108.1
11/29/21,10:03:27,WWW,16-Mar-22,C,,,,,,,,,108.1
11/29/21,10:03:27,WWW,20-Apr-22,P,107.0,,1.94,2.17,62.0,45.0,8.3,,108.1
11/29/21,10:03:27,WWW,20-Apr-22,C,111.0,,0.0,0.125,2.0,31.0,5.4,,108.1
11/29/21,10:03:27,WWW,20-Apr-22,P,106.5,,1.754,1.984,57.0,47.0,8.7,,108.1
11/29/21,10:03:27,WWW,20-Apr-22,C,110.5,,0.0,0.15100001,4.0,33.0,5.8,,108.1
11/29/21,10:03:27,WWW,20-Apr-22,P,106.0,,1.5960001,1.8260001,53.0,49.0,9.2,,108.1
11/29/21,10:03:27,WWW,20-Apr-22,C,110.0,,0.0,0.18200001,7.0,34.0,6.2,,108.1
11/29/21,10:03:27,WWW,20-Apr-22,P,105.5,,1.462,1.6919999,49.0,51.0,9.6,,108.1
11/29/21,10:03:27,WWW,20-Apr-22,C,109.5,,0.036,0.266,11.0,36.0,6.6,,108.1
11/29/21,10:03:27,WWW,20-Apr-22,P,105.0,,1.332,1.5619999,45.0,52.0,9.9,,108.1
11/29/21,10:03:27,WWW,20-Apr-22,C,109.0,,0.159,0.38900003,16.0,38.0,6.9,,108.1
11/29/21,10:03:27,WWW,20-Apr-22,P,104.0,,1.122,1.352,39.0,55.0,10.6,,108.1
11/29/21,10:03:27,WWW,20-Apr-22,C,108.5,,0.324,0.554,22.0,40.0,7.3,,108.1
11/29/21,10:03:27,WWW,20-Apr-22,P,103.0,,0.965,1.195,34.0,58.0,11.3,,108.1
11/29/21,10:03:27,WWW,20-Apr-22,C,108.0,,0.551,0.78099996,27.0,42.0,7.7,,108.1
11/29/21,10:03:27,WWW,20-Apr-22,P,102.0,,0.831,1.061,30.0,61.0,11.8,,108.1
11/29/21,10:03:27,WWW,20-Apr-22,C,107.5,,0.807,1.037,33.0,44.0,8.1,,108.1
11/29/21,10:03:27,WWW,20-Apr-22,P,101.0,,0.71300006,0.943,26.0,63.0,12.3,,108.1
11/29/21,10:03:27,WWW,20-Apr-22,C,107.0,,1.089,1.3189999,38.0,45.0,8.6,,108.1
11/29/21,10:03:27,WWW,20-Apr-22,P,100.0,,0.612,0.84199995,23.0,64.0,12.7,,108.1
11/29/21,10:03:27,WWW,20-Apr-22,C,106.5,,1.403,1.633,43.0,47.0,9.0,,108.1
11/29/21,10:03:27,WWW,20-Apr-22,P,99.0,,0.52599996,0.756,21.0,66.0,13.1,,108.1
11/29/21,10:03:27,WWW,20-Apr-22,C,106.0,,1.745,1.975,47.0,49.0,9.4,,108.1
11/29/21,10:03:27,WWW,20-Apr-22,P,98.0,,0.45700002,0.687,18.0,68.0,13.5,,108.1
11/29/21,10:03:27,WWW,20-Apr-22,C,105.5,,2.111,2.341,51.0,51.0,9.8,,108.1
11/29/21,10:03:27,WWW,20-Apr-22,P,97.0,,0.39099997,0.621,16.0,69.0,13.8,,108.1
11/29/21,10:03:27,WWW,20-Apr-22,C,,,,,,,,,108.1
11/29/21,10:03:27,WWW,20-Apr-22,P,96.0,,0.32799998,0.55799997,14.0,70.0,14.1,,108.1
11/29/21,10:03:27,WWW,20-Apr-22,C,,,,,,,,,108.1
11/29/21,10:03:27,WWW,18-May-22,P,107.0,,2.2410002,2.5210001,65.0,45.0,8.1,,108.1
11/29/21,10:03:27,WWW,18-May-22,C,111.0,,0.0,0.15,2.0,32.0,5.6,,108.1
11/29/21,10:03:27,WWW,18-May-22,P,106.5,,2.038,2.318,60.0,47.0,8.5,,108.1
11/29/21,10:03:27,WWW,18-May-22,C,110.5,,0.0,0.17899999,4.0,34.0,5.9,,108.1
11/29/21,10:03:27,WWW,18-May-22,P,106.0,,1.862,2.142,56.0,48.0,8.9,,108.1
11/29/21,10:03:27,WWW,18-May-22,C,110.0,,0.0,0.21100001,7.0,35.0,6.3,,108.1
11/29/21,10:03:27,WWW,18-May-22,P,105.5,,1.7110001,1.991,52.0,50.0,9.3,,108.1
11/29/21,10:03:27,WWW,18-May-22,C,109.5,,0.0139999995,0.294,10.0,37.0,6.6,,108.1
11/29/21,10:03:27,WWW,18-May-22,P,105.0,,1.5810001,1.8610001,49.0,52.0,9.6,,108.1
11/29/21,10:03:27,WWW,18-May-22,C,109.0,,0.132,0.412,15.0,38.0,7.0,,108.1
11/29/21,10:03:27,WWW,18-May-22,P,104.0,,1.3410001,1.621,43.0,54.0,10.3,,108.1
11/29/21,10:03:27,WWW,18-May-22,C,108.5,,0.287,0.56700003,20.0,40.0,7.3,,108.1
11/29/21,10:03:27,WWW,18-May-22,P,103.0,,1.158,1.4380001,38.0,57.0,10.9,,108.1
11/29/21,10:03:27,WWW,18-May-22,C,108.0,,0.50200003,0.78199995,25.0,42.0,7.7,,108.1
11/29/21,10:03:27,WWW,18-May-22,P,102.0,,1.018,1.298,33.0,59.0,11.5,,108.1
11/29/21,10:03:27,WWW,18-May-22,C,107.5,,0.74300003,1.023,30.0,43.0,8.0,,108.1
11/29/21,10:03:27,WWW,18-May-22,P,101.0,,0.894,1.174,30.0,61.0,12.0,,108.1
11/29/21,10:03:27,WWW,18-May-22,C,107.0,,1.008,1.288,35.0,45.0,8.4,,108.1
11/29/21,10:03:27,WWW,18-May-22,P,100.0,,0.78099996,1.061,27.0,63.0,12.4,,108.1
11/29/21,10:03:27,WWW,18-May-22,C,106.5,,1.305,1.585,39.0,47.0,8.8,,108.1
11/29/21,10:03:27,WWW,18-May-22,P,99.0,,0.684,0.964,24.0,65.0,12.8,,108.1
11/29/21,10:03:27,WWW,18-May-22,C,106.0,,1.629,1.9089999,44.0,48.0,9.2,,108.1
11/29/21,10:03:27,WWW,18-May-22,P,98.0,,0.59900004,0.879,22.0,66.0,13.2,,108.1
11/29/21,10:03:27,WWW,18-May-22,C,105.5,,1.978,2.2580001,48.0,50.0,9.5,,108.1
11/29/21,10:03:27,WWW,18-May-22,P,97.0,,0.528,0.808,20.0,68.0,13.6,,108.1
11/29/21,10:03:27,WWW,18-May-22,C,105.0,,2.348,2.6279998,51.0,52.0,9.9,,108.1
11/29/21,10:03:27,WWW,18-May-22,P,96.0,,0.461,0.741,18.0,69.0,13.8,,108.1
11/29/21,10:03:27,WWW,18-May-22,C,,,,,,,,,108.1
11/29/21,10:03:27,WWW,15-Jun-22,P,107.0,,2.55,2.88,68.0,45.0,7.9,,108.1
11/29/21,10:03:27,WWW,15-Jun-22,C,111.0,,0.0,0.184,2.0,33.0,5.7,,108.1
11/29/21,10:03:27,WWW,15-Jun-22,P,106.0,,2.139,2.4689999,59.0,48.0,8.7,,108.1
11/29/21,10:03:27,WWW,15-Jun-22,C,110.5,,0.0,0.215,4.0,35.0,6.0,,108.1
11/29/21,10:03:27,WWW,15-Jun-22,P,105.0,,1.8260001,2.1560001,52.0,50.0,9.4,,108.1
11/29/21,10:03:27,WWW,15-Jun-22,C,110.0,,0.0,0.26700002,6.0,36.0,6.3,,108.1
11/29/21,10:03:27,WWW,15-Jun-22,P,104.5,,1.6989999,2.029,49.0,52.0,9.7,,108.1
11/29/21,10:03:27,WWW,15-Jun-22,C,109.5,,0.017,0.347,10.0,37.0,6.7,,108.1
11/29/21,10:03:27,WWW,15-Jun-22,P,104.0,,1.5739999,1.9039999,46.0,53.0,10.0,,108.1
11/29/21,10:03:27,WWW,15-Jun-22,C,109.0,,0.129,0.45900002,14.0,39.0,7.0,,108.1
11/29/21,10:03:27,WWW,15-Jun-22,P,103.0,,1.365,1.695,41.0,55.0,10.6,,108.1
11/29/21,10:03:27,WWW,15-Jun-22,C,108.5,,0.277,0.607,18.0,40.0,7.3,,108.1
11/29/21,10:03:27,WWW,15-Jun-22,P,102.0,,1.202,1.532,36.0,58.0,11.1,,108.1
11/29/21,10:03:27,WWW,15-Jun-22,C,108.0,,0.469,0.799,23.0,42.0,7.6,,108.1
11/29/21,10:03:27,WWW,15-Jun-22,P,101.0,,1.075,1.405,33.0,60.0,11.7,,108.1
11/29/21,10:03:27,WWW,15-Jun-22,C,107.5,,0.687,1.017,28.0,43.0,8.0,,108.1
11/29/21,10:03:27,WWW,15-Jun-22,P,100.0,,0.96,1.29,30.0,62.0,12.2,,108.1
11/29/21,10:03:27,WWW,15-Jun-22,C,107.0,,0.937,1.267,32.0,45.0,8.3,,108.1
11/29/21,10:03:27,WWW,15-Jun-22,P,99.0,,0.85300004,1.1830001,27.0,64.0,12.6,,108.1
11/29/21,10:03:27,WWW,15-Jun-22,C,106.5,,1.218,1.548,36.0,46.0,8.7,,108.1
11/29/21,10:03:27,WWW,15-Jun-22,P,98.0,,0.759,1.089,25.0,65.0,12.9,,108.1
11/29/21,10:03:27,WWW,15-Jun-22,C,106.0,,1.525,1.855,41.0,48.0,9.0,,108.1
11/29/21,10:03:27,WWW,15-Jun-22,P,97.0,,0.675,1.005,23.0,66.0,13.3,,108.1
11/29/21,10:03:27,WWW,15-Jun-22,C,105.5,,1.858,2.188,44.0,49.0,9.3,,108.1
11/29/21,10:03:27,WWW,15-Jun-22,P,96.0,,0.60400003,0.934,21.0,68.0,13.6,,108.1
11/29/21,10:03:27,WWW,15-Jun-22,C,105.0,,2.212,2.542,48.0,50.0,9.7,,108.1
11/29/21,10:03:27,WWW,15-Jun-22,P,95.0,,0.536,0.866,19.0,69.0,13.9,,108.1
11/29/21,10:03:27,WWW,15-Jun-22,C,104.5,,2.585,2.915,51.0,52.0,10.0,,108.1
11/29/21,10:03:27,WWW,15-Dec-21,P,109.0,,1.11,1.27,89.0,36.0,6.4,,108.1
11/29/21,10:03:27,WWW,15-Dec-21,C,111.0,,0.0,0.1,0.0,32.0,5.0,,108.1
11/29/21,10:03:27,WWW,15-Dec-21,P,108.5,,0.74,0.9,73.0,42.0,7.5,,108.1
11/29/21,10:03:27,WWW,15-Dec-21,C,110.5,,0.0,0.1,0.0,32.0,5.2,,108.1
11/29/21,10:03:27,WWW,15-Dec-21,P,108.0,,0.48900002,0.649,55.0,47.0,8.5,,108.1
11/29/21,10:03:27,WWW,15-Dec-21,C,110.0,,0.0,0.101,0.0,32.0,5.4,,108.1
11/29/21,10:03:27,WWW,15-Dec-21,P,107.5,,0.325,0.485,41.0,52.0,9.6,,108.1
11/29/21,10:03:27,WWW,15-Dec-21,C,109.5,,0.0,0.106000006,2.0,32.0,5.6,,108.1
11/29/21,10:03:27,WWW,15-Dec-21,P,107.0,,0.221,0.38099998,30.0,57.0,10.4,,108.1
11/29/21,10:03:27,WWW,15-Dec-21,C,109.0,,0.0,0.15,11.0,36.0,6.5,,108.1
11/29/21,10:03:27,WWW,15-Dec-21,P,106.5,,0.143,0.303,22.0,61.0,11.2,,108.1
11/29/21,10:03:27,WWW,15-Dec-21,C,108.5,,0.12,0.28,27.0,42.0,7.5,,108.1
11/29/21,10:03:27,WWW,15-Dec-21,P,106.0,,0.084,0.244,16.0,64.0,11.8,,108.1
11/29/21,10:03:27,WWW,15-Dec-21,C,108.0,,0.37,0.53,45.0,47.0,8.6,,108.1
11/29/21,10:03:27,WWW,15-Dec-21,P,105.5,,0.043,0.203,12.0,67.0,12.3,,108.1
11/29/21,10:03:27,WWW,15-Dec-21,C,107.5,,0.706,0.866,59.0,52.0,9.6,,108.1
11/29/21,10:03:27,WWW,15-Dec-21,P,105.0,,0.015,0.175,9.0,69.0,12.8,,108.1
11/29/21,10:03:27,WWW,15-Dec-21,C,,,,,,,,,108.1
11/29/21,10:03:27,WWW,15-Dec-21,P,104.0,,0.0,0.141,5.0,75.0,13.7,,108.1
11/29/21,10:03:27,WWW,15-Dec-21,C,,,,,,,,,108.1
11/29/21,10:03:27,WWW,15-Dec-21,P,103.0,,0.0,0.123,3.0,79.0,14.5,,108.1
11/29/21,10:03:27,WWW,15-Dec-21,C,,,,,,,,,108.1
11/29/21,10:03:27,WWW,15-Dec-21,P,102.0,,0.0,0.11399999,2.0,83.0,15.3,,108.1
11/29/21,10:03:27,WWW,15-Dec-21,C,,,,,,,,,108.1
11/29/21,10:03:27,WWW,15-Dec-21,P,101.0,,0.0,0.108,1.0,87.0,16.0,,108.1
11/29/21,10:03:27,WWW,15-Dec-21,C,,,,,,,,,108.1
11/29/21,10:03:27,WWW,19-Jan-22,P,108.0,,1.098,1.258,64.0,45.0,8.0,,108.1
11/29/21,10:03:27,WWW,19-Jan-22,C,111.0,,0.0,0.101,0.0,31.0,5.3,,108.1
11/29/21,10:03:27,WWW,19-Jan-22,P,107.5,,0.91,1.07,54.0,49.0,8.7,,108.1
11/29/21,10:03:27,WWW,19-Jan-22,C,110.5,,0.0,0.103999995,1.0,31.0,5.4,,108.1
11/29/21,10:03:27,WWW,19-Jan-22,P,107.0,,0.76,0.92,47.0,52.0,9.5,,108.1
11/29/21,10:03:27,WWW,19-Jan-22,C,110.0,,0.0,0.113000005,2.0,31.0,5.5,,108.1
11/29/21,10:03:27,WWW,19-Jan-22,P,106.5,,0.633,0.79300004,40.0,55.0,10.1,,108.1
11/29/21,10:03:27,WWW,19-Jan-22,C,109.5,,0.0,0.153,7.0,34.0,6.0,,108.1
11/29/21,10:03:27,WWW,19-Jan-22,P,106.0,,0.532,0.692,34.0,58.0,10.6,,108.1
11/29/21,10:03:27,WWW,19-Jan-22,C,109.0,,0.073,0.233,16.0,38.0,6.7,,108.1
11/29/21,10:03:27,WWW,19-Jan-22,P,105.0,,0.378,0.538,26.0,63.0,11.6,,108.1
11/29/21,10:03:27,WWW,19-Jan-22,C,108.5,,0.245,0.405,26.0,41.0,7.4,,108.1
11/29/21,10:03:27,WWW,19-Jan-22,P,104.0,,0.265,0.425,20.0,67.0,12.4,,108.1
11/29/21,10:03:27,WWW,19-Jan-22,C,108.0,,0.496,0.65599996,36.0,45.0,8.1,,108.1
11/29/21,10:03:27,WWW,19-Jan-22,P,103.0,,0.187,0.347,15.0,70.0,13.1,,108.1
11/29/21,10:03:27,WWW,19-Jan-22,C,107.5,,0.808,0.96800005,46.0,49.0,8.8,,108.1
11/29/21,10:03:27,WWW,19-Jan-22,P,102.0,,0.129,0.289,12.0,73.0,13.8,,108.1
11/29/21,10:03:27,WWW,19-Jan-22,C,107.0,,1.158,1.3180001,54.0,52.0,9.6,,108.1
11/29/21,10:03:27,WWW,19-Jan-22,P,101.0,,0.09,0.25,9.0,76.0,14.4,,108.1
11/29/21,10:03:27,WWW,19-Jan-22,C,,,,,,,,,108.1
11/29/21,10:03:27,WWW,19-Jan-22,P,100.0,,0.058000002,0.218,7.0,78.0,14.9,,108.1
11/29/21,10:03:27,WWW,19-Jan-22,C,,,,,,,,,108.1
11/29/21,10:03:27,WWW,19-Jan-22,P,99.0,,0.03,0.19,6.0,80.0,15.3,,108.1
11/29/21,10:03:27,WWW,19-Jan-22,C,,,,,,,,,108.1
11/29/21,10:03:27,WWW,19-Jan-22,P,98.0,,0.01,0.17,5.0,82.0,15.6,,108.1
11/29/21,10:03:27,WWW,19-Jan-22,C,,,,,,,,,108.1
11/29/21,10:03:27,WWW,19-Jan-22,P,97.0,,0.0,0.155,4.0,83.0,16.0,,108.1
11/29/21,10:03:27,WWW,19-Jan-22,C,,,,,,,,,108.1
